ISO-10303-21;
HEADER;
/* Generated by software containing ST-Developer
 * from STEP Tools, Inc. (www.steptools.com) 
 */

FILE_DESCRIPTION(
/* description */ (''),
/* implementation_level */ '2;1');

FILE_NAME(
/* name */ 'ATEX CASING v2.step',
/* time_stamp */ '2026-09-04T23:16:55+07:00',
/* author */ (''),
/* organization */ (''),
/* preprocessor_version */ 'ST-DEVELOPER v20.1',
/* originating_system */ 'Autodesk Translation Framework v15.8.0.0',
/* authorisation */ '');

FILE_SCHEMA (('AUTOMOTIVE_DESIGN { 1 0 10303 214 3 1 1 }'));
ENDSEC;

DATA;
#10=MECHANICAL_DESIGN_GEOMETRIC_PRESENTATION_REPRESENTATION('',(#21,#22,
#23,#24,#25,#26,#27,#28,#29,#30,#31,#32,#33,#34,#35,#36,#37,#38,#39,#40,
#41,#42,#43,#44,#45),#4805);
#11=SHAPE_REPRESENTATION_RELATIONSHIP('SRR','None',#4812,#12);
#12=ADVANCED_BREP_SHAPE_REPRESENTATION('',(#46,#47,#48,#49,#50,#51,#52,
#53,#54,#55,#56,#57,#58,#59,#60,#61,#62,#63,#64,#65,#66,#67),#4804);
#13=(
BOUNDED_SURFACE()
B_SPLINE_SURFACE(2,2,((#4498,#4499,#4500,#4501,#4502,#4503,#4504,#4505,
#4506),(#4507,#4508,#4509,#4510,#4511,#4512,#4513,#4514,#4515),(#4516,#4517,
#4518,#4519,#4520,#4521,#4522,#4523,#4524)),.UNSPECIFIED.,.F.,.T.,.F.)
B_SPLINE_SURFACE_WITH_KNOTS((3,3),(3,2,2,2,3),(-1.69323029580402E-16,1.5707963267949),
(-3.14159265358979,-1.5707963267949,0.,1.5707963267949,3.14159265358979),
 .UNSPECIFIED.)
GEOMETRIC_REPRESENTATION_ITEM()
RATIONAL_B_SPLINE_SURFACE(((1.,0.707106781186548,1.,0.707106781186548,1.,
0.707106781186548,1.,0.707106781186548,1.),(0.707106781186548,0.5,0.707106781186548,
0.5,0.707106781186548,0.5,0.707106781186548,0.5,0.707106781186548),(1.,
0.707106781186548,1.,0.707106781186548,1.,0.707106781186548,1.,0.707106781186548,
1.)))
REPRESENTATION_ITEM('')
SURFACE()
);
#14=(
BOUNDED_SURFACE()
B_SPLINE_SURFACE(2,2,((#4562,#4563,#4564,#4565,#4566),(#4567,#4568,#4569,
#4570,#4571),(#4572,#4573,#4574,#4575,#4576),(#4577,#4578,#4579,#4580,#4581),
(#4582,#4583,#4584,#4585,#4586),(#4587,#4588,#4589,#4590,#4591),(#4592,
#4593,#4594,#4595,#4596),(#4597,#4598,#4599,#4600,#4601),(#4602,#4603,#4604,
#4605,#4606)),.UNSPECIFIED.,.T.,.F.,.F.)
B_SPLINE_SURFACE_WITH_KNOTS((3,2,2,2,3),(3,2,3),(-3.14159265358979,-1.5707963267949,
0.,1.5707963267949,3.14159265358979),(0.,1.5707963267949,3.14159265358979),
 .UNSPECIFIED.)
GEOMETRIC_REPRESENTATION_ITEM()
RATIONAL_B_SPLINE_SURFACE(((1.,0.707106781186548,1.,0.707106781186548,1.),
(0.707106781186564,0.500000000000012,0.707106781186564,0.500000000000012,
0.707106781186564),(1.,0.707106781186548,1.,0.707106781186548,1.),(0.707106781186543,
0.499999999999997,0.707106781186543,0.499999999999997,0.707106781186543),
(1.,0.707106781186548,1.,0.707106781186548,1.),(0.707106781186544,0.499999999999998,
0.707106781186544,0.499999999999998,0.707106781186544),(1.,0.707106781186548,
1.,0.707106781186548,1.),(0.707106781186564,0.500000000000012,0.707106781186564,
0.500000000000012,0.707106781186564),(1.,0.707106781186548,1.,0.707106781186548,
1.)))
REPRESENTATION_ITEM('')
SURFACE()
);
#15=(
BOUNDED_SURFACE()
B_SPLINE_SURFACE(2,2,((#4622,#4623,#4624,#4625,#4626),(#4627,#4628,#4629,
#4630,#4631),(#4632,#4633,#4634,#4635,#4636),(#4637,#4638,#4639,#4640,#4641),
(#4642,#4643,#4644,#4645,#4646),(#4647,#4648,#4649,#4650,#4651),(#4652,
#4653,#4654,#4655,#4656),(#4657,#4658,#4659,#4660,#4661),(#4662,#4663,#4664,
#4665,#4666)),.UNSPECIFIED.,.T.,.F.,.F.)
B_SPLINE_SURFACE_WITH_KNOTS((3,2,2,2,3),(3,2,3),(-3.14159265358979,-1.5707963267949,
0.,1.5707963267949,3.14159265358979),(0.,1.5707963267949,3.14159265358979),
 .UNSPECIFIED.)
GEOMETRIC_REPRESENTATION_ITEM()
RATIONAL_B_SPLINE_SURFACE(((1.,0.707106781186548,1.,0.707106781186548,1.),
(0.707106781186564,0.500000000000012,0.707106781186564,0.500000000000012,
0.707106781186564),(1.,0.707106781186548,1.,0.707106781186548,1.),(0.707106781186543,
0.499999999999997,0.707106781186543,0.499999999999997,0.707106781186543),
(1.,0.707106781186548,1.,0.707106781186548,1.),(0.707106781186544,0.499999999999998,
0.707106781186544,0.499999999999998,0.707106781186544),(1.,0.707106781186548,
1.,0.707106781186548,1.),(0.707106781186564,0.500000000000012,0.707106781186564,
0.500000000000012,0.707106781186564),(1.,0.707106781186548,1.,0.707106781186548,
1.)))
REPRESENTATION_ITEM('')
SURFACE()
);
#16=(
BOUNDED_SURFACE()
B_SPLINE_SURFACE(2,2,((#4682,#4683,#4684,#4685,#4686),(#4687,#4688,#4689,
#4690,#4691),(#4692,#4693,#4694,#4695,#4696),(#4697,#4698,#4699,#4700,#4701),
(#4702,#4703,#4704,#4705,#4706),(#4707,#4708,#4709,#4710,#4711),(#4712,
#4713,#4714,#4715,#4716),(#4717,#4718,#4719,#4720,#4721),(#4722,#4723,#4724,
#4725,#4726)),.UNSPECIFIED.,.T.,.F.,.F.)
B_SPLINE_SURFACE_WITH_KNOTS((3,2,2,2,3),(3,2,3),(-3.14159265358979,-1.5707963267949,
0.,1.5707963267949,3.14159265358979),(0.,1.5707963267949,3.14159265358979),
 .UNSPECIFIED.)
GEOMETRIC_REPRESENTATION_ITEM()
RATIONAL_B_SPLINE_SURFACE(((1.,0.707106781186548,1.,0.707106781186548,1.),
(0.707106781186564,0.500000000000012,0.707106781186564,0.500000000000012,
0.707106781186564),(1.,0.707106781186548,1.,0.707106781186548,1.),(0.707106781186543,
0.499999999999997,0.707106781186543,0.499999999999997,0.707106781186543),
(1.,0.707106781186548,1.,0.707106781186548,1.),(0.707106781186544,0.499999999999998,
0.707106781186544,0.499999999999998,0.707106781186544),(1.,0.707106781186548,
1.,0.707106781186548,1.),(0.707106781186564,0.500000000000012,0.707106781186564,
0.500000000000012,0.707106781186564),(1.,0.707106781186548,1.,0.707106781186548,
1.)))
REPRESENTATION_ITEM('')
SURFACE()
);
#17=(
BOUNDED_SURFACE()
B_SPLINE_SURFACE(2,2,((#4742,#4743,#4744,#4745,#4746),(#4747,#4748,#4749,
#4750,#4751),(#4752,#4753,#4754,#4755,#4756),(#4757,#4758,#4759,#4760,#4761),
(#4762,#4763,#4764,#4765,#4766),(#4767,#4768,#4769,#4770,#4771),(#4772,
#4773,#4774,#4775,#4776),(#4777,#4778,#4779,#4780,#4781),(#4782,#4783,#4784,
#4785,#4786)),.UNSPECIFIED.,.T.,.F.,.F.)
B_SPLINE_SURFACE_WITH_KNOTS((3,2,2,2,3),(3,2,3),(-3.14159265358979,-1.5707963267949,
0.,1.5707963267949,3.14159265358979),(0.,1.5707963267949,3.14159265358979),
 .UNSPECIFIED.)
GEOMETRIC_REPRESENTATION_ITEM()
RATIONAL_B_SPLINE_SURFACE(((1.,0.707106781186548,1.,0.707106781186548,1.),
(0.707106781186564,0.500000000000012,0.707106781186564,0.500000000000012,
0.707106781186564),(1.,0.707106781186548,1.,0.707106781186548,1.),(0.707106781186543,
0.499999999999997,0.707106781186543,0.499999999999997,0.707106781186543),
(1.,0.707106781186548,1.,0.707106781186548,1.),(0.707106781186544,0.499999999999998,
0.707106781186544,0.499999999999998,0.707106781186544),(1.,0.707106781186548,
1.,0.707106781186548,1.),(0.707106781186564,0.500000000000012,0.707106781186564,
0.500000000000012,0.707106781186564),(1.,0.707106781186548,1.,0.707106781186548,
1.)))
REPRESENTATION_ITEM('')
SURFACE()
);
#18=B_SPLINE_CURVE_WITH_KNOTS('',3,(#3937,#3938,#3939,#3940,#3941,#3942,
#3943,#3944,#3945,#3946,#3947,#3948,#3949,#3950,#3951,#3952,#3953,#3954,
#3955,#3956,#3957,#3958,#3959,#3960,#3961,#3962,#3963,#3964,#3965,#3966,
#3967,#3968,#3969,#3970),.UNSPECIFIED.,.T.,.F.,(4,2,2,2,2,2,2,2,2,2,2,2,
2,2,2,2,4),(0.,0.350014551871573,0.700029103743146,1.05002159684978,1.40001408995642,
1.75000658437817,2.09999907879992,2.45001363082817,2.80002818285643,3.15004273488468,
3.50005728691294,3.85004978133468,4.20004227575643,4.55003476886307,4.90002726196971,
5.25004181384128,5.60005636571285),.UNSPECIFIED.);
#19=B_SPLINE_CURVE_WITH_KNOTS('',3,(#3976,#3977,#3978,#3979,#3980,#3981,
#3982,#3983,#3984,#3985,#3986,#3987,#3988,#3989,#3990,#3991,#3992,#3993,
#3994,#3995,#3996,#3997,#3998,#3999,#4000,#4001,#4002,#4003,#4004,#4005,
#4006,#4007,#4008,#4009,#4010,#4011,#4012,#4013),.UNSPECIFIED.,.T.,.F.,
(4,2,2,2,2,2,2,2,2,2,2,2,2,2,2,2,2,2,4),(0.,0.0699858179188139,0.139971635837628,
0.394262045587876,0.794378821163381,1.19449559673889,1.50592569322296,1.81735578970703,
1.99953857898236,2.18172136825769,2.36390415753302,2.54608694680834,2.85751704329242,
3.16894713977649,3.569063915352,3.9691806909275,4.22347110067775,4.29345691859657,
4.36344273651538),.UNSPECIFIED.);
#20=B_SPLINE_CURVE_WITH_KNOTS('',3,(#4026,#4027,#4028,#4029,#4030,#4031,
#4032,#4033,#4034,#4035,#4036,#4037,#4038,#4039,#4040,#4041,#4042,#4043,
#4044,#4045,#4046,#4047,#4048,#4049,#4050,#4051,#4052,#4053,#4054,#4055,
#4056,#4057,#4058,#4059,#4060,#4061,#4062,#4063),.UNSPECIFIED.,.T.,.F.,
(4,2,2,2,2,2,2,2,2,2,2,2,2,2,2,2,2,2,4),(0.,0.182182789275327,0.364365578550655,
0.675795675034729,0.987225771518803,1.38734254709431,1.78745932266981,2.04174973242006,
2.11173555033888,2.18172136825769,2.2517071861765,2.32169300409532,2.57598341384557,
2.97610018942107,3.37621696499658,3.68764706148065,3.99907715796473,4.18125994724005,
4.36344273651538),.UNSPECIFIED.);
#21=STYLED_ITEM('',(#4822),#46);
#22=STYLED_ITEM('',(#4821),#2506);
#23=STYLED_ITEM('',(#4821),#2508);
#24=STYLED_ITEM('',(#4822),#47);
#25=STYLED_ITEM('',(#4822),#48);
#26=STYLED_ITEM('',(#4822),#49);
#27=STYLED_ITEM('',(#4821),#50);
#28=STYLED_ITEM('',(#4821),#51);
#29=STYLED_ITEM('',(#4821),#52);
#30=STYLED_ITEM('',(#4824),#2563);
#31=STYLED_ITEM('',(#4822),#53);
#32=STYLED_ITEM('',(#4821),#54);
#33=STYLED_ITEM('',(#4825),#55);
#34=STYLED_ITEM('',(#4826),#56);
#35=STYLED_ITEM('',(#4821),#57);
#36=STYLED_ITEM('',(#4821),#58);
#37=STYLED_ITEM('',(#4821),#59);
#38=STYLED_ITEM('',(#4827),#60);
#39=STYLED_ITEM('',(#4821),#61);
#40=STYLED_ITEM('',(#4821),#62);
#41=STYLED_ITEM('',(#4821),#63);
#42=STYLED_ITEM('',(#4821),#64);
#43=STYLED_ITEM('',(#4821),#65);
#44=STYLED_ITEM('',(#4821),#66);
#45=STYLED_ITEM('',(#4821),#67);
#46=MANIFOLD_SOLID_BREP('Body1',#2641);
#47=MANIFOLD_SOLID_BREP('Casing GLD',#2642);
#48=MANIFOLD_SOLID_BREP('Body3',#2643);
#49=MANIFOLD_SOLID_BREP('Body5',#2644);
#50=MANIFOLD_SOLID_BREP('Body6',#2645);
#51=MANIFOLD_SOLID_BREP('Body7',#2646);
#52=MANIFOLD_SOLID_BREP('Body8',#2647);
#53=MANIFOLD_SOLID_BREP('Penutup Casing',#2648);
#54=MANIFOLD_SOLID_BREP('Body38',#2649);
#55=MANIFOLD_SOLID_BREP('Plate',#2650);
#56=MANIFOLD_SOLID_BREP('Body41',#2651);
#57=MANIFOLD_SOLID_BREP('Body42',#2652);
#58=MANIFOLD_SOLID_BREP('Body43',#2653);
#59=MANIFOLD_SOLID_BREP('Body44',#2654);
#60=MANIFOLD_SOLID_BREP('Body45',#2655);
#61=MANIFOLD_SOLID_BREP('Body50',#2656);
#62=MANIFOLD_SOLID_BREP('Body51',#2657);
#63=MANIFOLD_SOLID_BREP('Body52',#2658);
#64=MANIFOLD_SOLID_BREP('Body53',#2659);
#65=MANIFOLD_SOLID_BREP('Body54',#2660);
#66=MANIFOLD_SOLID_BREP('Body55',#2661);
#67=MANIFOLD_SOLID_BREP('Body56',#2662);
#68=FACE_BOUND('',#398,.T.);
#69=FACE_BOUND('',#399,.T.);
#70=FACE_BOUND('',#400,.T.);
#71=FACE_BOUND('',#429,.T.);
#72=FACE_BOUND('',#430,.T.);
#73=FACE_BOUND('',#431,.T.);
#74=FACE_BOUND('',#436,.T.);
#75=FACE_BOUND('',#440,.T.);
#76=FACE_BOUND('',#442,.T.);
#77=FACE_BOUND('',#443,.T.);
#78=FACE_BOUND('',#444,.T.);
#79=FACE_BOUND('',#447,.T.);
#80=FACE_BOUND('',#449,.T.);
#81=FACE_BOUND('',#452,.T.);
#82=FACE_BOUND('',#455,.T.);
#83=FACE_BOUND('',#461,.T.);
#84=FACE_BOUND('',#466,.T.);
#85=FACE_BOUND('',#470,.T.);
#86=FACE_BOUND('',#472,.T.);
#87=FACE_BOUND('',#476,.T.);
#88=FACE_BOUND('',#478,.T.);
#89=FACE_BOUND('',#481,.T.);
#90=FACE_BOUND('',#489,.T.);
#91=FACE_BOUND('',#492,.T.);
#92=FACE_BOUND('',#495,.T.);
#93=FACE_BOUND('',#503,.T.);
#94=FACE_BOUND('',#506,.T.);
#95=FACE_BOUND('',#514,.T.);
#96=FACE_BOUND('',#516,.T.);
#97=FACE_BOUND('',#519,.T.);
#98=FACE_BOUND('',#524,.T.);
#99=FACE_BOUND('',#528,.T.);
#100=FACE_BOUND('',#533,.T.);
#101=FACE_BOUND('',#542,.T.);
#102=FACE_BOUND('',#543,.T.);
#103=FACE_BOUND('',#544,.T.);
#104=FACE_BOUND('',#546,.T.);
#105=FACE_BOUND('',#547,.T.);
#106=FACE_BOUND('',#548,.T.);
#107=FACE_BOUND('',#552,.T.);
#108=FACE_BOUND('',#554,.T.);
#109=FACE_BOUND('',#572,.T.);
#110=FACE_BOUND('',#574,.T.);
#111=PLANE('',#2679);
#112=PLANE('',#2680);
#113=PLANE('',#2693);
#114=PLANE('',#2696);
#115=PLANE('',#2699);
#116=PLANE('',#2702);
#117=PLANE('',#2705);
#118=PLANE('',#2712);
#119=PLANE('',#2713);
#120=PLANE('',#2714);
#121=PLANE('',#2715);
#122=PLANE('',#2716);
#123=PLANE('',#2717);
#124=PLANE('',#2718);
#125=PLANE('',#2721);
#126=PLANE('',#2722);
#127=PLANE('',#2723);
#128=PLANE('',#2724);
#129=PLANE('',#2725);
#130=PLANE('',#2728);
#131=PLANE('',#2736);
#132=PLANE('',#2742);
#133=PLANE('',#2749);
#134=PLANE('',#2750);
#135=PLANE('',#2753);
#136=PLANE('',#2754);
#137=PLANE('',#2755);
#138=PLANE('',#2756);
#139=PLANE('',#2757);
#140=PLANE('',#2760);
#141=PLANE('',#2761);
#142=PLANE('',#2762);
#143=PLANE('',#2763);
#144=PLANE('',#2764);
#145=PLANE('',#2767);
#146=PLANE('',#2774);
#147=PLANE('',#2775);
#148=PLANE('',#2782);
#149=PLANE('',#2783);
#150=PLANE('',#2787);
#151=PLANE('',#2789);
#152=PLANE('',#2790);
#153=PLANE('',#2791);
#154=PLANE('',#2792);
#155=PLANE('',#2793);
#156=PLANE('',#2794);
#157=PLANE('',#2795);
#158=PLANE('',#2798);
#159=PLANE('',#2802);
#160=PLANE('',#2804);
#161=PLANE('',#2805);
#162=PLANE('',#2806);
#163=PLANE('',#2807);
#164=PLANE('',#2808);
#165=PLANE('',#2809);
#166=PLANE('',#2810);
#167=PLANE('',#2813);
#168=PLANE('',#2817);
#169=PLANE('',#2818);
#170=PLANE('',#2828);
#171=PLANE('',#2830);
#172=PLANE('',#2833);
#173=PLANE('',#2834);
#174=PLANE('',#2835);
#175=PLANE('',#2836);
#176=PLANE('',#2838);
#177=PLANE('',#2843);
#178=PLANE('',#2844);
#179=PLANE('',#2852);
#180=PLANE('',#2853);
#181=PLANE('',#2854);
#182=PLANE('',#2855);
#183=PLANE('',#2856);
#184=PLANE('',#2866);
#185=PLANE('',#2867);
#186=PLANE('',#2871);
#187=PLANE('',#2872);
#188=PLANE('',#2874);
#189=PLANE('',#2875);
#190=PLANE('',#2876);
#191=PLANE('',#2877);
#192=PLANE('',#2878);
#193=PLANE('',#2881);
#194=PLANE('',#2885);
#195=PLANE('',#2886);
#196=PLANE('',#2890);
#197=PLANE('',#2891);
#198=PLANE('',#2892);
#199=PLANE('',#2893);
#200=PLANE('',#2894);
#201=PLANE('',#2895);
#202=PLANE('',#2896);
#203=PLANE('',#2897);
#204=PLANE('',#2901);
#205=PLANE('',#2902);
#206=PLANE('',#2909);
#207=PLANE('',#2910);
#208=PLANE('',#2911);
#209=PLANE('',#2915);
#210=PLANE('',#2916);
#211=PLANE('',#2920);
#212=PLANE('',#2921);
#213=PLANE('',#2925);
#214=PLANE('',#2931);
#215=PLANE('',#2934);
#216=PLANE('',#2940);
#217=PLANE('',#2943);
#218=PLANE('',#2949);
#219=PLANE('',#2952);
#220=PLANE('',#2958);
#221=PLANE('',#2961);
#222=FACE_OUTER_BOUND('',#395,.T.);
#223=FACE_OUTER_BOUND('',#396,.T.);
#224=FACE_OUTER_BOUND('',#397,.T.);
#225=FACE_OUTER_BOUND('',#401,.T.);
#226=FACE_OUTER_BOUND('',#402,.T.);
#227=FACE_OUTER_BOUND('',#403,.T.);
#228=FACE_OUTER_BOUND('',#404,.T.);
#229=FACE_OUTER_BOUND('',#405,.T.);
#230=FACE_OUTER_BOUND('',#406,.T.);
#231=FACE_OUTER_BOUND('',#407,.T.);
#232=FACE_OUTER_BOUND('',#408,.T.);
#233=FACE_OUTER_BOUND('',#409,.T.);
#234=FACE_OUTER_BOUND('',#410,.T.);
#235=FACE_OUTER_BOUND('',#411,.T.);
#236=FACE_OUTER_BOUND('',#412,.T.);
#237=FACE_OUTER_BOUND('',#413,.T.);
#238=FACE_OUTER_BOUND('',#414,.T.);
#239=FACE_OUTER_BOUND('',#415,.T.);
#240=FACE_OUTER_BOUND('',#416,.T.);
#241=FACE_OUTER_BOUND('',#417,.T.);
#242=FACE_OUTER_BOUND('',#418,.T.);
#243=FACE_OUTER_BOUND('',#419,.T.);
#244=FACE_OUTER_BOUND('',#420,.T.);
#245=FACE_OUTER_BOUND('',#421,.T.);
#246=FACE_OUTER_BOUND('',#422,.T.);
#247=FACE_OUTER_BOUND('',#423,.T.);
#248=FACE_OUTER_BOUND('',#424,.T.);
#249=FACE_OUTER_BOUND('',#425,.T.);
#250=FACE_OUTER_BOUND('',#426,.T.);
#251=FACE_OUTER_BOUND('',#427,.T.);
#252=FACE_OUTER_BOUND('',#428,.T.);
#253=FACE_OUTER_BOUND('',#432,.T.);
#254=FACE_OUTER_BOUND('',#433,.T.);
#255=FACE_OUTER_BOUND('',#434,.T.);
#256=FACE_OUTER_BOUND('',#435,.T.);
#257=FACE_OUTER_BOUND('',#437,.T.);
#258=FACE_OUTER_BOUND('',#438,.T.);
#259=FACE_OUTER_BOUND('',#439,.T.);
#260=FACE_OUTER_BOUND('',#441,.T.);
#261=FACE_OUTER_BOUND('',#445,.T.);
#262=FACE_OUTER_BOUND('',#446,.T.);
#263=FACE_OUTER_BOUND('',#448,.T.);
#264=FACE_OUTER_BOUND('',#450,.T.);
#265=FACE_OUTER_BOUND('',#451,.T.);
#266=FACE_OUTER_BOUND('',#453,.T.);
#267=FACE_OUTER_BOUND('',#454,.T.);
#268=FACE_OUTER_BOUND('',#456,.T.);
#269=FACE_OUTER_BOUND('',#457,.T.);
#270=FACE_OUTER_BOUND('',#458,.T.);
#271=FACE_OUTER_BOUND('',#459,.T.);
#272=FACE_OUTER_BOUND('',#460,.T.);
#273=FACE_OUTER_BOUND('',#462,.T.);
#274=FACE_OUTER_BOUND('',#463,.T.);
#275=FACE_OUTER_BOUND('',#464,.T.);
#276=FACE_OUTER_BOUND('',#465,.T.);
#277=FACE_OUTER_BOUND('',#467,.T.);
#278=FACE_OUTER_BOUND('',#468,.T.);
#279=FACE_OUTER_BOUND('',#469,.T.);
#280=FACE_OUTER_BOUND('',#471,.T.);
#281=FACE_OUTER_BOUND('',#473,.T.);
#282=FACE_OUTER_BOUND('',#474,.T.);
#283=FACE_OUTER_BOUND('',#475,.T.);
#284=FACE_OUTER_BOUND('',#477,.T.);
#285=FACE_OUTER_BOUND('',#479,.T.);
#286=FACE_OUTER_BOUND('',#480,.T.);
#287=FACE_OUTER_BOUND('',#482,.T.);
#288=FACE_OUTER_BOUND('',#483,.T.);
#289=FACE_OUTER_BOUND('',#484,.T.);
#290=FACE_OUTER_BOUND('',#485,.T.);
#291=FACE_OUTER_BOUND('',#486,.T.);
#292=FACE_OUTER_BOUND('',#487,.T.);
#293=FACE_OUTER_BOUND('',#488,.T.);
#294=FACE_OUTER_BOUND('',#490,.T.);
#295=FACE_OUTER_BOUND('',#491,.T.);
#296=FACE_OUTER_BOUND('',#493,.T.);
#297=FACE_OUTER_BOUND('',#494,.T.);
#298=FACE_OUTER_BOUND('',#496,.T.);
#299=FACE_OUTER_BOUND('',#497,.T.);
#300=FACE_OUTER_BOUND('',#498,.T.);
#301=FACE_OUTER_BOUND('',#499,.T.);
#302=FACE_OUTER_BOUND('',#500,.T.);
#303=FACE_OUTER_BOUND('',#501,.T.);
#304=FACE_OUTER_BOUND('',#502,.T.);
#305=FACE_OUTER_BOUND('',#504,.T.);
#306=FACE_OUTER_BOUND('',#505,.T.);
#307=FACE_OUTER_BOUND('',#507,.T.);
#308=FACE_OUTER_BOUND('',#508,.T.);
#309=FACE_OUTER_BOUND('',#509,.T.);
#310=FACE_OUTER_BOUND('',#510,.T.);
#311=FACE_OUTER_BOUND('',#511,.T.);
#312=FACE_OUTER_BOUND('',#512,.T.);
#313=FACE_OUTER_BOUND('',#513,.T.);
#314=FACE_OUTER_BOUND('',#515,.T.);
#315=FACE_OUTER_BOUND('',#517,.T.);
#316=FACE_OUTER_BOUND('',#518,.T.);
#317=FACE_OUTER_BOUND('',#520,.T.);
#318=FACE_OUTER_BOUND('',#521,.T.);
#319=FACE_OUTER_BOUND('',#522,.T.);
#320=FACE_OUTER_BOUND('',#523,.T.);
#321=FACE_OUTER_BOUND('',#525,.T.);
#322=FACE_OUTER_BOUND('',#526,.T.);
#323=FACE_OUTER_BOUND('',#527,.T.);
#324=FACE_OUTER_BOUND('',#529,.T.);
#325=FACE_OUTER_BOUND('',#530,.T.);
#326=FACE_OUTER_BOUND('',#531,.T.);
#327=FACE_OUTER_BOUND('',#532,.T.);
#328=FACE_OUTER_BOUND('',#534,.T.);
#329=FACE_OUTER_BOUND('',#535,.T.);
#330=FACE_OUTER_BOUND('',#536,.T.);
#331=FACE_OUTER_BOUND('',#537,.T.);
#332=FACE_OUTER_BOUND('',#538,.T.);
#333=FACE_OUTER_BOUND('',#539,.T.);
#334=FACE_OUTER_BOUND('',#540,.T.);
#335=FACE_OUTER_BOUND('',#541,.T.);
#336=FACE_OUTER_BOUND('',#545,.T.);
#337=FACE_OUTER_BOUND('',#549,.T.);
#338=FACE_OUTER_BOUND('',#550,.T.);
#339=FACE_OUTER_BOUND('',#551,.T.);
#340=FACE_OUTER_BOUND('',#553,.T.);
#341=FACE_OUTER_BOUND('',#555,.T.);
#342=FACE_OUTER_BOUND('',#556,.T.);
#343=FACE_OUTER_BOUND('',#557,.T.);
#344=FACE_OUTER_BOUND('',#558,.T.);
#345=FACE_OUTER_BOUND('',#559,.T.);
#346=FACE_OUTER_BOUND('',#560,.T.);
#347=FACE_OUTER_BOUND('',#561,.T.);
#348=FACE_OUTER_BOUND('',#562,.T.);
#349=FACE_OUTER_BOUND('',#563,.T.);
#350=FACE_OUTER_BOUND('',#564,.T.);
#351=FACE_OUTER_BOUND('',#565,.T.);
#352=FACE_OUTER_BOUND('',#566,.T.);
#353=FACE_OUTER_BOUND('',#567,.T.);
#354=FACE_OUTER_BOUND('',#568,.T.);
#355=FACE_OUTER_BOUND('',#569,.T.);
#356=FACE_OUTER_BOUND('',#570,.T.);
#357=FACE_OUTER_BOUND('',#571,.T.);
#358=FACE_OUTER_BOUND('',#573,.T.);
#359=FACE_OUTER_BOUND('',#575,.T.);
#360=FACE_OUTER_BOUND('',#576,.T.);
#361=FACE_OUTER_BOUND('',#577,.T.);
#362=FACE_OUTER_BOUND('',#578,.T.);
#363=FACE_OUTER_BOUND('',#579,.T.);
#364=FACE_OUTER_BOUND('',#580,.T.);
#365=FACE_OUTER_BOUND('',#581,.T.);
#366=FACE_OUTER_BOUND('',#582,.T.);
#367=FACE_OUTER_BOUND('',#583,.T.);
#368=FACE_OUTER_BOUND('',#584,.T.);
#369=FACE_OUTER_BOUND('',#585,.T.);
#370=FACE_OUTER_BOUND('',#586,.T.);
#371=FACE_OUTER_BOUND('',#587,.T.);
#372=FACE_OUTER_BOUND('',#588,.T.);
#373=FACE_OUTER_BOUND('',#589,.T.);
#374=FACE_OUTER_BOUND('',#590,.T.);
#375=FACE_OUTER_BOUND('',#591,.T.);
#376=FACE_OUTER_BOUND('',#592,.T.);
#377=FACE_OUTER_BOUND('',#593,.T.);
#378=FACE_OUTER_BOUND('',#594,.T.);
#379=FACE_OUTER_BOUND('',#595,.T.);
#380=FACE_OUTER_BOUND('',#596,.T.);
#381=FACE_OUTER_BOUND('',#597,.T.);
#382=FACE_OUTER_BOUND('',#598,.T.);
#383=FACE_OUTER_BOUND('',#599,.T.);
#384=FACE_OUTER_BOUND('',#600,.T.);
#385=FACE_OUTER_BOUND('',#601,.T.);
#386=FACE_OUTER_BOUND('',#602,.T.);
#387=FACE_OUTER_BOUND('',#603,.T.);
#388=FACE_OUTER_BOUND('',#604,.T.);
#389=FACE_OUTER_BOUND('',#605,.T.);
#390=FACE_OUTER_BOUND('',#606,.T.);
#391=FACE_OUTER_BOUND('',#607,.T.);
#392=FACE_OUTER_BOUND('',#608,.T.);
#393=FACE_OUTER_BOUND('',#609,.T.);
#394=FACE_OUTER_BOUND('',#610,.T.);
#395=EDGE_LOOP('',(#1731,#1732,#1733,#1734));
#396=EDGE_LOOP('',(#1735,#1736,#1737,#1738));
#397=EDGE_LOOP('',(#1739,#1740,#1741,#1742,#1743,#1744,#1745,#1746,#1747,
#1748,#1749,#1750,#1751,#1752,#1753,#1754,#1755,#1756,#1757,#1758,#1759,
#1760,#1761,#1762,#1763,#1764));
#398=EDGE_LOOP('',(#1765));
#399=EDGE_LOOP('',(#1766));
#400=EDGE_LOOP('',(#1767));
#401=EDGE_LOOP('',(#1768,#1769,#1770,#1771));
#402=EDGE_LOOP('',(#1772,#1773,#1774,#1775));
#403=EDGE_LOOP('',(#1776,#1777,#1778,#1779));
#404=EDGE_LOOP('',(#1780,#1781,#1782,#1783));
#405=EDGE_LOOP('',(#1784,#1785,#1786,#1787));
#406=EDGE_LOOP('',(#1788,#1789,#1790,#1791));
#407=EDGE_LOOP('',(#1792,#1793,#1794,#1795));
#408=EDGE_LOOP('',(#1796,#1797,#1798,#1799));
#409=EDGE_LOOP('',(#1800,#1801,#1802,#1803));
#410=EDGE_LOOP('',(#1804,#1805,#1806,#1807));
#411=EDGE_LOOP('',(#1808,#1809,#1810,#1811));
#412=EDGE_LOOP('',(#1812,#1813,#1814,#1815));
#413=EDGE_LOOP('',(#1816,#1817,#1818,#1819));
#414=EDGE_LOOP('',(#1820,#1821,#1822,#1823));
#415=EDGE_LOOP('',(#1824,#1825,#1826,#1827));
#416=EDGE_LOOP('',(#1828,#1829,#1830,#1831));
#417=EDGE_LOOP('',(#1832,#1833,#1834,#1835));
#418=EDGE_LOOP('',(#1836,#1837,#1838,#1839));
#419=EDGE_LOOP('',(#1840,#1841,#1842,#1843));
#420=EDGE_LOOP('',(#1844,#1845,#1846,#1847));
#421=EDGE_LOOP('',(#1848,#1849,#1850,#1851));
#422=EDGE_LOOP('',(#1852,#1853,#1854,#1855));
#423=EDGE_LOOP('',(#1856,#1857,#1858,#1859));
#424=EDGE_LOOP('',(#1860,#1861,#1862,#1863));
#425=EDGE_LOOP('',(#1864,#1865,#1866,#1867));
#426=EDGE_LOOP('',(#1868,#1869,#1870,#1871));
#427=EDGE_LOOP('',(#1872,#1873,#1874,#1875));
#428=EDGE_LOOP('',(#1876,#1877,#1878,#1879,#1880,#1881,#1882,#1883,#1884,
#1885,#1886,#1887,#1888,#1889,#1890,#1891,#1892,#1893,#1894,#1895,#1896,
#1897,#1898,#1899,#1900,#1901));
#429=EDGE_LOOP('',(#1902));
#430=EDGE_LOOP('',(#1903));
#431=EDGE_LOOP('',(#1904));
#432=EDGE_LOOP('',(#1905,#1906,#1907,#1908));
#433=EDGE_LOOP('',(#1909,#1910,#1911,#1912));
#434=EDGE_LOOP('',(#1913,#1914,#1915,#1916));
#435=EDGE_LOOP('',(#1917));
#436=EDGE_LOOP('',(#1918));
#437=EDGE_LOOP('',(#1919,#1920,#1921,#1922));
#438=EDGE_LOOP('',(#1923,#1924,#1925,#1926));
#439=EDGE_LOOP('',(#1927));
#440=EDGE_LOOP('',(#1928));
#441=EDGE_LOOP('',(#1929,#1930,#1931,#1932));
#442=EDGE_LOOP('',(#1933));
#443=EDGE_LOOP('',(#1934));
#444=EDGE_LOOP('',(#1935));
#445=EDGE_LOOP('',(#1936,#1937,#1938,#1939));
#446=EDGE_LOOP('',(#1940));
#447=EDGE_LOOP('',(#1941));
#448=EDGE_LOOP('',(#1942,#1943,#1944,#1945,#1946,#1947,#1948,#1949,#1950,
#1951,#1952,#1953));
#449=EDGE_LOOP('',(#1954));
#450=EDGE_LOOP('',(#1955,#1956,#1957,#1958));
#451=EDGE_LOOP('',(#1959,#1960,#1961,#1962));
#452=EDGE_LOOP('',(#1963));
#453=EDGE_LOOP('',(#1964,#1965,#1966,#1967));
#454=EDGE_LOOP('',(#1968,#1969,#1970,#1971));
#455=EDGE_LOOP('',(#1972));
#456=EDGE_LOOP('',(#1973,#1974,#1975,#1976));
#457=EDGE_LOOP('',(#1977,#1978,#1979,#1980));
#458=EDGE_LOOP('',(#1981,#1982,#1983,#1984));
#459=EDGE_LOOP('',(#1985,#1986,#1987,#1988));
#460=EDGE_LOOP('',(#1989,#1990,#1991,#1992));
#461=EDGE_LOOP('',(#1993));
#462=EDGE_LOOP('',(#1994,#1995,#1996,#1997));
#463=EDGE_LOOP('',(#1998,#1999,#2000,#2001));
#464=EDGE_LOOP('',(#2002,#2003,#2004,#2005));
#465=EDGE_LOOP('',(#2006,#2007,#2008,#2009,#2010,#2011,#2012,#2013,#2014,
#2015,#2016,#2017));
#466=EDGE_LOOP('',(#2018));
#467=EDGE_LOOP('',(#2019,#2020,#2021,#2022));
#468=EDGE_LOOP('',(#2023,#2024,#2025,#2026));
#469=EDGE_LOOP('',(#2027));
#470=EDGE_LOOP('',(#2028));
#471=EDGE_LOOP('',(#2029));
#472=EDGE_LOOP('',(#2030));
#473=EDGE_LOOP('',(#2031,#2032,#2033,#2034));
#474=EDGE_LOOP('',(#2035,#2036,#2037,#2038));
#475=EDGE_LOOP('',(#2039));
#476=EDGE_LOOP('',(#2040));
#477=EDGE_LOOP('',(#2041));
#478=EDGE_LOOP('',(#2042));
#479=EDGE_LOOP('',(#2043,#2044,#2045,#2046));
#480=EDGE_LOOP('',(#2047,#2048,#2049,#2050,#2051,#2052));
#481=EDGE_LOOP('',(#2053));
#482=EDGE_LOOP('',(#2054,#2055,#2056,#2057));
#483=EDGE_LOOP('',(#2058,#2059,#2060,#2061));
#484=EDGE_LOOP('',(#2062,#2063,#2064,#2065));
#485=EDGE_LOOP('',(#2066,#2067,#2068,#2069));
#486=EDGE_LOOP('',(#2070,#2071,#2072,#2073));
#487=EDGE_LOOP('',(#2074,#2075,#2076,#2077));
#488=EDGE_LOOP('',(#2078,#2079,#2080,#2081,#2082,#2083));
#489=EDGE_LOOP('',(#2084));
#490=EDGE_LOOP('',(#2085,#2086,#2087,#2088));
#491=EDGE_LOOP('',(#2089));
#492=EDGE_LOOP('',(#2090));
#493=EDGE_LOOP('',(#2091,#2092,#2093,#2094));
#494=EDGE_LOOP('',(#2095,#2096,#2097,#2098,#2099,#2100));
#495=EDGE_LOOP('',(#2101));
#496=EDGE_LOOP('',(#2102,#2103,#2104,#2105));
#497=EDGE_LOOP('',(#2106,#2107,#2108,#2109));
#498=EDGE_LOOP('',(#2110,#2111,#2112,#2113));
#499=EDGE_LOOP('',(#2114,#2115,#2116,#2117));
#500=EDGE_LOOP('',(#2118,#2119,#2120,#2121));
#501=EDGE_LOOP('',(#2122,#2123,#2124,#2125));
#502=EDGE_LOOP('',(#2126,#2127,#2128,#2129,#2130,#2131));
#503=EDGE_LOOP('',(#2132));
#504=EDGE_LOOP('',(#2133,#2134,#2135,#2136));
#505=EDGE_LOOP('',(#2137));
#506=EDGE_LOOP('',(#2138));
#507=EDGE_LOOP('',(#2139,#2140,#2141,#2142));
#508=EDGE_LOOP('',(#2143));
#509=EDGE_LOOP('',(#2144));
#510=EDGE_LOOP('',(#2145,#2146,#2147,#2148));
#511=EDGE_LOOP('',(#2149,#2150,#2151,#2152));
#512=EDGE_LOOP('',(#2153,#2154,#2155,#2156));
#513=EDGE_LOOP('',(#2157));
#514=EDGE_LOOP('',(#2158));
#515=EDGE_LOOP('',(#2159));
#516=EDGE_LOOP('',(#2160));
#517=EDGE_LOOP('',(#2161,#2162,#2163,#2164));
#518=EDGE_LOOP('',(#2165));
#519=EDGE_LOOP('',(#2166));
#520=EDGE_LOOP('',(#2167));
#521=EDGE_LOOP('',(#2168));
#522=EDGE_LOOP('',(#2169));
#523=EDGE_LOOP('',(#2170));
#524=EDGE_LOOP('',(#2171));
#525=EDGE_LOOP('',(#2172,#2173,#2174,#2175));
#526=EDGE_LOOP('',(#2176));
#527=EDGE_LOOP('',(#2177));
#528=EDGE_LOOP('',(#2178));
#529=EDGE_LOOP('',(#2179,#2180,#2181,#2182));
#530=EDGE_LOOP('',(#2183,#2184,#2185,#2186));
#531=EDGE_LOOP('',(#2187,#2188,#2189,#2190));
#532=EDGE_LOOP('',(#2191));
#533=EDGE_LOOP('',(#2192));
#534=EDGE_LOOP('',(#2193,#2194,#2195,#2196));
#535=EDGE_LOOP('',(#2197,#2198,#2199,#2200));
#536=EDGE_LOOP('',(#2201,#2202,#2203,#2204));
#537=EDGE_LOOP('',(#2205,#2206,#2207,#2208));
#538=EDGE_LOOP('',(#2209,#2210,#2211,#2212));
#539=EDGE_LOOP('',(#2213,#2214,#2215,#2216));
#540=EDGE_LOOP('',(#2217,#2218,#2219,#2220));
#541=EDGE_LOOP('',(#2221,#2222,#2223,#2224));
#542=EDGE_LOOP('',(#2225));
#543=EDGE_LOOP('',(#2226));
#544=EDGE_LOOP('',(#2227));
#545=EDGE_LOOP('',(#2228,#2229,#2230,#2231));
#546=EDGE_LOOP('',(#2232));
#547=EDGE_LOOP('',(#2233));
#548=EDGE_LOOP('',(#2234));
#549=EDGE_LOOP('',(#2235,#2236,#2237,#2238));
#550=EDGE_LOOP('',(#2239));
#551=EDGE_LOOP('',(#2240,#2241,#2242,#2243));
#552=EDGE_LOOP('',(#2244));
#553=EDGE_LOOP('',(#2245,#2246,#2247,#2248));
#554=EDGE_LOOP('',(#2249));
#555=EDGE_LOOP('',(#2250,#2251,#2252,#2253));
#556=EDGE_LOOP('',(#2254,#2255,#2256,#2257));
#557=EDGE_LOOP('',(#2258,#2259,#2260,#2261));
#558=EDGE_LOOP('',(#2262,#2263,#2264,#2265));
#559=EDGE_LOOP('',(#2266,#2267,#2268,#2269));
#560=EDGE_LOOP('',(#2270));
#561=EDGE_LOOP('',(#2271,#2272,#2273,#2274));
#562=EDGE_LOOP('',(#2275));
#563=EDGE_LOOP('',(#2276));
#564=EDGE_LOOP('',(#2277,#2278,#2279,#2280));
#565=EDGE_LOOP('',(#2281,#2282,#2283,#2284));
#566=EDGE_LOOP('',(#2285,#2286,#2287,#2288));
#567=EDGE_LOOP('',(#2289,#2290,#2291,#2292));
#568=EDGE_LOOP('',(#2293,#2294,#2295,#2296));
#569=EDGE_LOOP('',(#2297,#2298,#2299,#2300));
#570=EDGE_LOOP('',(#2301,#2302,#2303,#2304));
#571=EDGE_LOOP('',(#2305,#2306,#2307,#2308,#2309,#2310));
#572=EDGE_LOOP('',(#2311));
#573=EDGE_LOOP('',(#2312,#2313,#2314,#2315,#2316,#2317));
#574=EDGE_LOOP('',(#2318));
#575=EDGE_LOOP('',(#2319,#2320,#2321,#2322));
#576=EDGE_LOOP('',(#2323));
#577=EDGE_LOOP('',(#2324));
#578=EDGE_LOOP('',(#2325,#2326,#2327,#2328,#2329));
#579=EDGE_LOOP('',(#2330,#2331,#2332,#2333,#2334));
#580=EDGE_LOOP('',(#2335));
#581=EDGE_LOOP('',(#2336));
#582=EDGE_LOOP('',(#2337));
#583=EDGE_LOOP('',(#2338,#2339,#2340,#2341));
#584=EDGE_LOOP('',(#2342));
#585=EDGE_LOOP('',(#2343));
#586=EDGE_LOOP('',(#2344,#2345,#2346,#2347));
#587=EDGE_LOOP('',(#2348));
#588=EDGE_LOOP('',(#2349));
#589=EDGE_LOOP('',(#2350,#2351,#2352,#2353));
#590=EDGE_LOOP('',(#2354));
#591=EDGE_LOOP('',(#2355,#2356,#2357,#2358));
#592=EDGE_LOOP('',(#2359,#2360,#2361,#2362));
#593=EDGE_LOOP('',(#2363));
#594=EDGE_LOOP('',(#2364,#2365,#2366,#2367));
#595=EDGE_LOOP('',(#2368));
#596=EDGE_LOOP('',(#2369,#2370,#2371,#2372));
#597=EDGE_LOOP('',(#2373,#2374,#2375,#2376));
#598=EDGE_LOOP('',(#2377));
#599=EDGE_LOOP('',(#2378,#2379,#2380,#2381));
#600=EDGE_LOOP('',(#2382));
#601=EDGE_LOOP('',(#2383,#2384,#2385,#2386));
#602=EDGE_LOOP('',(#2387,#2388,#2389,#2390));
#603=EDGE_LOOP('',(#2391));
#604=EDGE_LOOP('',(#2392,#2393,#2394,#2395));
#605=EDGE_LOOP('',(#2396));
#606=EDGE_LOOP('',(#2397,#2398,#2399,#2400));
#607=EDGE_LOOP('',(#2401,#2402,#2403,#2404));
#608=EDGE_LOOP('',(#2405));
#609=EDGE_LOOP('',(#2406,#2407,#2408,#2409));
#610=EDGE_LOOP('',(#2410));
#611=LINE('',#3761,#830);
#612=LINE('',#3764,#831);
#613=LINE('',#3767,#832);
#614=LINE('',#3769,#833);
#615=LINE('',#3770,#834);
#616=LINE('',#3773,#835);
#617=LINE('',#3775,#836);
#618=LINE('',#3777,#837);
#619=LINE('',#3779,#838);
#620=LINE('',#3783,#839);
#621=LINE('',#3787,#840);
#622=LINE('',#3791,#841);
#623=LINE('',#3793,#842);
#624=LINE('',#3795,#843);
#625=LINE('',#3797,#844);
#626=LINE('',#3799,#845);
#627=LINE('',#3803,#846);
#628=LINE('',#3807,#847);
#629=LINE('',#3811,#848);
#630=LINE('',#3813,#849);
#631=LINE('',#3815,#850);
#632=LINE('',#3817,#851);
#633=LINE('',#3828,#852);
#634=LINE('',#3831,#853);
#635=LINE('',#3832,#854);
#636=LINE('',#3837,#855);
#637=LINE('',#3838,#856);
#638=LINE('',#3841,#857);
#639=LINE('',#3842,#858);
#640=LINE('',#3846,#859);
#641=LINE('',#3849,#860);
#642=LINE('',#3850,#861);
#643=LINE('',#3855,#862);
#644=LINE('',#3856,#863);
#645=LINE('',#3859,#864);
#646=LINE('',#3860,#865);
#647=LINE('',#3865,#866);
#648=LINE('',#3866,#867);
#649=LINE('',#3869,#868);
#650=LINE('',#3870,#869);
#651=LINE('',#3874,#870);
#652=LINE('',#3878,#871);
#653=LINE('',#3882,#872);
#654=LINE('',#3885,#873);
#655=LINE('',#3887,#874);
#656=LINE('',#3888,#875);
#657=LINE('',#3891,#876);
#658=LINE('',#3892,#877);
#659=LINE('',#3894,#878);
#660=LINE('',#3897,#879);
#661=LINE('',#3898,#880);
#662=LINE('',#3901,#881);
#663=LINE('',#3902,#882);
#664=LINE('',#3905,#883);
#665=LINE('',#3906,#884);
#666=LINE('',#3909,#885);
#667=LINE('',#3910,#886);
#668=LINE('',#3914,#887);
#669=LINE('',#3917,#888);
#670=LINE('',#3918,#889);
#671=LINE('',#3921,#890);
#672=LINE('',#3922,#891);
#673=LINE('',#3924,#892);
#674=LINE('',#3927,#893);
#675=LINE('',#3928,#894);
#676=LINE('',#3936,#895);
#677=LINE('',#3975,#896);
#678=LINE('',#4018,#897);
#679=LINE('',#4025,#898);
#680=LINE('',#4068,#899);
#681=LINE('',#4075,#900);
#682=LINE('',#4081,#901);
#683=LINE('',#4089,#902);
#684=LINE('',#4091,#903);
#685=LINE('',#4093,#904);
#686=LINE('',#4095,#905);
#687=LINE('',#4097,#906);
#688=LINE('',#4101,#907);
#689=LINE('',#4103,#908);
#690=LINE('',#4105,#909);
#691=LINE('',#4107,#910);
#692=LINE('',#4108,#911);
#693=LINE('',#4112,#912);
#694=LINE('',#4113,#913);
#695=LINE('',#4114,#914);
#696=LINE('',#4117,#915);
#697=LINE('',#4118,#916);
#698=LINE('',#4121,#917);
#699=LINE('',#4122,#918);
#700=LINE('',#4125,#919);
#701=LINE('',#4126,#920);
#702=LINE('',#4129,#921);
#703=LINE('',#4130,#922);
#704=LINE('',#4134,#923);
#705=LINE('',#4137,#924);
#706=LINE('',#4138,#925);
#707=LINE('',#4141,#926);
#708=LINE('',#4142,#927);
#709=LINE('',#4145,#928);
#710=LINE('',#4146,#929);
#711=LINE('',#4149,#930);
#712=LINE('',#4150,#931);
#713=LINE('',#4153,#932);
#714=LINE('',#4154,#933);
#715=LINE('',#4162,#934);
#716=LINE('',#4168,#935);
#717=LINE('',#4176,#936);
#718=LINE('',#4182,#937);
#719=LINE('',#4190,#938);
#720=LINE('',#4195,#939);
#721=LINE('',#4197,#940);
#722=LINE('',#4199,#941);
#723=LINE('',#4201,#942);
#724=LINE('',#4203,#943);
#725=LINE('',#4204,#944);
#726=LINE('',#4209,#945);
#727=LINE('',#4211,#946);
#728=LINE('',#4212,#947);
#729=LINE('',#4215,#948);
#730=LINE('',#4216,#949);
#731=LINE('',#4219,#950);
#732=LINE('',#4220,#951);
#733=LINE('',#4223,#952);
#734=LINE('',#4224,#953);
#735=LINE('',#4227,#954);
#736=LINE('',#4228,#955);
#737=LINE('',#4230,#956);
#738=LINE('',#4234,#957);
#739=LINE('',#4241,#958);
#740=LINE('',#4246,#959);
#741=LINE('',#4248,#960);
#742=LINE('',#4250,#961);
#743=LINE('',#4252,#962);
#744=LINE('',#4254,#963);
#745=LINE('',#4255,#964);
#746=LINE('',#4260,#965);
#747=LINE('',#4262,#966);
#748=LINE('',#4263,#967);
#749=LINE('',#4266,#968);
#750=LINE('',#4267,#969);
#751=LINE('',#4270,#970);
#752=LINE('',#4271,#971);
#753=LINE('',#4274,#972);
#754=LINE('',#4275,#973);
#755=LINE('',#4278,#974);
#756=LINE('',#4279,#975);
#757=LINE('',#4281,#976);
#758=LINE('',#4285,#977);
#759=LINE('',#4292,#978);
#760=LINE('',#4300,#979);
#761=LINE('',#4306,#980);
#762=LINE('',#4312,#981);
#763=LINE('',#4321,#982);
#764=LINE('',#4336,#983);
#765=LINE('',#4344,#984);
#766=LINE('',#4347,#985);
#767=LINE('',#4351,#986);
#768=LINE('',#4357,#987);
#769=LINE('',#4359,#988);
#770=LINE('',#4361,#989);
#771=LINE('',#4362,#990);
#772=LINE('',#4366,#991);
#773=LINE('',#4368,#992);
#774=LINE('',#4370,#993);
#775=LINE('',#4371,#994);
#776=LINE('',#4373,#995);
#777=LINE('',#4374,#996);
#778=LINE('',#4376,#997);
#779=LINE('',#4377,#998);
#780=LINE('',#4382,#999);
#781=LINE('',#4388,#1000);
#782=LINE('',#4394,#1001);
#783=LINE('',#4402,#1002);
#784=LINE('',#4408,#1003);
#785=LINE('',#4410,#1004);
#786=LINE('',#4412,#1005);
#787=LINE('',#4413,#1006);
#788=LINE('',#4418,#1007);
#789=LINE('',#4420,#1008);
#790=LINE('',#4421,#1009);
#791=LINE('',#4424,#1010);
#792=LINE('',#4425,#1011);
#793=LINE('',#4428,#1012);
#794=LINE('',#4429,#1013);
#795=LINE('',#4431,#1014);
#796=LINE('',#4435,#1015);
#797=LINE('',#4442,#1016);
#798=LINE('',#4450,#1017);
#799=LINE('',#4455,#1018);
#800=LINE('',#4457,#1019);
#801=LINE('',#4459,#1020);
#802=LINE('',#4460,#1021);
#803=LINE('',#4463,#1022);
#804=LINE('',#4465,#1023);
#805=LINE('',#4466,#1024);
#806=LINE('',#4469,#1025);
#807=LINE('',#4471,#1026);
#808=LINE('',#4472,#1027);
#809=LINE('',#4475,#1028);
#810=LINE('',#4477,#1029);
#811=LINE('',#4478,#1030);
#812=LINE('',#4481,#1031);
#813=LINE('',#4483,#1032);
#814=LINE('',#4484,#1033);
#815=LINE('',#4486,#1034);
#816=LINE('',#4487,#1035);
#817=LINE('',#4494,#1036);
#818=LINE('',#4534,#1037);
#819=LINE('',#4543,#1038);
#820=LINE('',#4551,#1039);
#821=LINE('',#4559,#1040);
#822=LINE('',#4614,#1041);
#823=LINE('',#4620,#1042);
#824=LINE('',#4674,#1043);
#825=LINE('',#4680,#1044);
#826=LINE('',#4734,#1045);
#827=LINE('',#4740,#1046);
#828=LINE('',#4794,#1047);
#829=LINE('',#4800,#1048);
#830=VECTOR('',#2968,10.);
#831=VECTOR('',#2971,10.);
#832=VECTOR('',#2974,10.);
#833=VECTOR('',#2975,10.);
#834=VECTOR('',#2976,10.);
#835=VECTOR('',#2979,10.);
#836=VECTOR('',#2980,10.);
#837=VECTOR('',#2981,10.);
#838=VECTOR('',#2982,10.);
#839=VECTOR('',#2985,10.);
#840=VECTOR('',#2988,10.);
#841=VECTOR('',#2991,10.);
#842=VECTOR('',#2992,10.);
#843=VECTOR('',#2993,10.);
#844=VECTOR('',#2994,10.);
#845=VECTOR('',#2995,10.);
#846=VECTOR('',#2998,10.);
#847=VECTOR('',#3001,10.);
#848=VECTOR('',#3004,10.);
#849=VECTOR('',#3005,10.);
#850=VECTOR('',#3006,10.);
#851=VECTOR('',#3007,10.);
#852=VECTOR('',#3020,10.);
#853=VECTOR('',#3023,10.);
#854=VECTOR('',#3024,10.);
#855=VECTOR('',#3029,10.);
#856=VECTOR('',#3030,10.);
#857=VECTOR('',#3033,10.);
#858=VECTOR('',#3034,10.);
#859=VECTOR('',#3039,10.);
#860=VECTOR('',#3042,10.);
#861=VECTOR('',#3043,10.);
#862=VECTOR('',#3048,10.);
#863=VECTOR('',#3049,10.);
#864=VECTOR('',#3052,10.);
#865=VECTOR('',#3053,10.);
#866=VECTOR('',#3058,10.);
#867=VECTOR('',#3059,10.);
#868=VECTOR('',#3062,10.);
#869=VECTOR('',#3063,10.);
#870=VECTOR('',#3068,3.5);
#871=VECTOR('',#3073,3.5);
#872=VECTOR('',#3078,3.5);
#873=VECTOR('',#3081,10.);
#874=VECTOR('',#3082,10.);
#875=VECTOR('',#3083,10.);
#876=VECTOR('',#3086,10.);
#877=VECTOR('',#3087,10.);
#878=VECTOR('',#3090,10.);
#879=VECTOR('',#3093,10.);
#880=VECTOR('',#3094,10.);
#881=VECTOR('',#3097,10.);
#882=VECTOR('',#3098,10.);
#883=VECTOR('',#3101,10.);
#884=VECTOR('',#3102,10.);
#885=VECTOR('',#3105,10.);
#886=VECTOR('',#3106,10.);
#887=VECTOR('',#3113,10.);
#888=VECTOR('',#3116,10.);
#889=VECTOR('',#3117,10.);
#890=VECTOR('',#3120,10.);
#891=VECTOR('',#3121,10.);
#892=VECTOR('',#3124,10.);
#893=VECTOR('',#3127,10.);
#894=VECTOR('',#3128,10.);
#895=VECTOR('',#3139,10.);
#896=VECTOR('',#3144,5.);
#897=VECTOR('',#3149,12.5);
#898=VECTOR('',#3158,5.);
#899=VECTOR('',#3163,12.5);
#900=VECTOR('',#3172,45.);
#901=VECTOR('',#3179,47.5);
#902=VECTOR('',#3188,10.);
#903=VECTOR('',#3189,10.);
#904=VECTOR('',#3190,10.);
#905=VECTOR('',#3191,10.);
#906=VECTOR('',#3192,10.);
#907=VECTOR('',#3195,10.);
#908=VECTOR('',#3196,10.);
#909=VECTOR('',#3197,10.);
#910=VECTOR('',#3198,10.);
#911=VECTOR('',#3199,10.);
#912=VECTOR('',#3202,10.);
#913=VECTOR('',#3203,10.);
#914=VECTOR('',#3204,10.);
#915=VECTOR('',#3207,10.);
#916=VECTOR('',#3208,10.);
#917=VECTOR('',#3211,10.);
#918=VECTOR('',#3212,10.);
#919=VECTOR('',#3215,10.);
#920=VECTOR('',#3216,10.);
#921=VECTOR('',#3219,10.);
#922=VECTOR('',#3220,10.);
#923=VECTOR('',#3225,10.);
#924=VECTOR('',#3228,10.);
#925=VECTOR('',#3229,10.);
#926=VECTOR('',#3232,10.);
#927=VECTOR('',#3233,10.);
#928=VECTOR('',#3236,10.);
#929=VECTOR('',#3237,10.);
#930=VECTOR('',#3240,10.);
#931=VECTOR('',#3241,10.);
#932=VECTOR('',#3244,10.);
#933=VECTOR('',#3245,10.);
#934=VECTOR('',#3256,12.5);
#935=VECTOR('',#3263,15.);
#936=VECTOR('',#3274,12.5);
#937=VECTOR('',#3281,15.);
#938=VECTOR('',#3292,4.);
#939=VECTOR('',#3297,10.);
#940=VECTOR('',#3298,10.);
#941=VECTOR('',#3299,10.);
#942=VECTOR('',#3300,10.);
#943=VECTOR('',#3301,10.);
#944=VECTOR('',#3302,10.);
#945=VECTOR('',#3307,10.);
#946=VECTOR('',#3308,10.);
#947=VECTOR('',#3309,10.);
#948=VECTOR('',#3312,10.);
#949=VECTOR('',#3313,10.);
#950=VECTOR('',#3316,10.);
#951=VECTOR('',#3317,10.);
#952=VECTOR('',#3320,10.);
#953=VECTOR('',#3321,10.);
#954=VECTOR('',#3324,10.);
#955=VECTOR('',#3325,10.);
#956=VECTOR('',#3328,10.);
#957=VECTOR('',#3333,11.763);
#958=VECTOR('',#3342,4.);
#959=VECTOR('',#3347,10.);
#960=VECTOR('',#3348,10.);
#961=VECTOR('',#3349,10.);
#962=VECTOR('',#3350,10.);
#963=VECTOR('',#3351,10.);
#964=VECTOR('',#3352,10.);
#965=VECTOR('',#3357,10.);
#966=VECTOR('',#3358,10.);
#967=VECTOR('',#3359,10.);
#968=VECTOR('',#3362,10.);
#969=VECTOR('',#3363,10.);
#970=VECTOR('',#3366,10.);
#971=VECTOR('',#3367,10.);
#972=VECTOR('',#3370,10.);
#973=VECTOR('',#3371,10.);
#974=VECTOR('',#3374,10.);
#975=VECTOR('',#3375,10.);
#976=VECTOR('',#3378,10.);
#977=VECTOR('',#3383,11.763);
#978=VECTOR('',#3392,51.);
#979=VECTOR('',#3403,40.);
#980=VECTOR('',#3410,40.);
#981=VECTOR('',#3417,47.5);
#982=VECTOR('',#3430,51.);
#983=VECTOR('',#3451,37.5);
#984=VECTOR('',#3462,12.5);
#985=VECTOR('',#3465,5.);
#986=VECTOR('',#3470,9.263);
#987=VECTOR('',#3477,10.);
#988=VECTOR('',#3478,10.);
#989=VECTOR('',#3479,10.);
#990=VECTOR('',#3480,10.);
#991=VECTOR('',#3483,10.);
#992=VECTOR('',#3484,10.);
#993=VECTOR('',#3485,10.);
#994=VECTOR('',#3486,10.);
#995=VECTOR('',#3489,10.);
#996=VECTOR('',#3490,10.);
#997=VECTOR('',#3493,10.);
#998=VECTOR('',#3494,10.);
#999=VECTOR('',#3499,3.50000005215406);
#1000=VECTOR('',#3506,3.60555132919089);
#1001=VECTOR('',#3513,3.53553395861629);
#1002=VECTOR('',#3524,3.50000000000001);
#1003=VECTOR('',#3531,10.);
#1004=VECTOR('',#3532,10.);
#1005=VECTOR('',#3533,10.);
#1006=VECTOR('',#3534,10.);
#1007=VECTOR('',#3539,10.);
#1008=VECTOR('',#3540,10.);
#1009=VECTOR('',#3541,10.);
#1010=VECTOR('',#3544,10.);
#1011=VECTOR('',#3545,10.);
#1012=VECTOR('',#3548,10.);
#1013=VECTOR('',#3549,10.);
#1014=VECTOR('',#3552,10.);
#1015=VECTOR('',#3557,4.);
#1016=VECTOR('',#3566,37.5);
#1017=VECTOR('',#3577,4.);
#1018=VECTOR('',#3582,10.);
#1019=VECTOR('',#3583,10.);
#1020=VECTOR('',#3584,10.);
#1021=VECTOR('',#3585,10.);
#1022=VECTOR('',#3588,10.);
#1023=VECTOR('',#3589,10.);
#1024=VECTOR('',#3590,10.);
#1025=VECTOR('',#3593,10.);
#1026=VECTOR('',#3594,10.);
#1027=VECTOR('',#3595,10.);
#1028=VECTOR('',#3598,10.);
#1029=VECTOR('',#3599,10.);
#1030=VECTOR('',#3600,10.);
#1031=VECTOR('',#3603,10.);
#1032=VECTOR('',#3604,10.);
#1033=VECTOR('',#3605,10.);
#1034=VECTOR('',#3608,10.);
#1035=VECTOR('',#3609,10.);
#1036=VECTOR('',#3618,17.5);
#1037=VECTOR('',#3635,17.5);
#1038=VECTOR('',#3648,3.53553395861629);
#1039=VECTOR('',#3659,3.53553395861629);
#1040=VECTOR('',#3670,3.5355339586163);
#1041=VECTOR('',#3683,5.);
#1042=VECTOR('',#3692,5.);
#1043=VECTOR('',#3703,5.);
#1044=VECTOR('',#3712,5.);
#1045=VECTOR('',#3723,5.);
#1046=VECTOR('',#3732,5.);
#1047=VECTOR('',#3743,5.);
#1048=VECTOR('',#3752,5.);
#1049=CIRCLE('',#2677,10.);
#1050=CIRCLE('',#2678,10.);
#1051=CIRCLE('',#2681,51.);
#1052=CIRCLE('',#2682,10.);
#1053=CIRCLE('',#2683,10.);
#1054=CIRCLE('',#2684,10.);
#1055=CIRCLE('',#2685,10.);
#1056=CIRCLE('',#2686,51.);
#1057=CIRCLE('',#2687,10.);
#1058=CIRCLE('',#2688,3.5);
#1059=CIRCLE('',#2689,3.5);
#1060=CIRCLE('',#2690,3.5);
#1061=CIRCLE('',#2692,10.);
#1062=CIRCLE('',#2695,10.);
#1063=CIRCLE('',#2698,10.);
#1064=CIRCLE('',#2701,10.);
#1065=CIRCLE('',#2704,10.);
#1066=CIRCLE('',#2707,3.5);
#1067=CIRCLE('',#2709,3.5);
#1068=CIRCLE('',#2711,3.5);
#1069=CIRCLE('',#2720,51.);
#1070=CIRCLE('',#2727,51.);
#1071=CIRCLE('',#2730,9.263);
#1072=CIRCLE('',#2732,5.);
#1073=CIRCLE('',#2734,12.5);
#1074=CIRCLE('',#2735,12.5);
#1075=CIRCLE('',#2738,5.);
#1076=CIRCLE('',#2740,12.5);
#1077=CIRCLE('',#2741,12.5);
#1078=CIRCLE('',#2744,45.);
#1079=CIRCLE('',#2745,45.);
#1080=CIRCLE('',#2747,47.425);
#1081=CIRCLE('',#2748,47.425);
#1082=CIRCLE('',#2751,51.);
#1083=CIRCLE('',#2752,51.);
#1084=CIRCLE('',#2759,51.);
#1085=CIRCLE('',#2766,51.);
#1086=CIRCLE('',#2769,11.763);
#1087=CIRCLE('',#2770,11.763);
#1088=CIRCLE('',#2772,15.);
#1089=CIRCLE('',#2773,15.);
#1090=CIRCLE('',#2777,11.763);
#1091=CIRCLE('',#2778,11.763);
#1092=CIRCLE('',#2780,15.);
#1093=CIRCLE('',#2781,15.);
#1094=CIRCLE('',#2785,4.);
#1095=CIRCLE('',#2786,4.);
#1096=CIRCLE('',#2788,11.925);
#1097=CIRCLE('',#2797,11.925);
#1098=CIRCLE('',#2800,4.);
#1099=CIRCLE('',#2801,4.);
#1100=CIRCLE('',#2803,11.925);
#1101=CIRCLE('',#2812,11.925);
#1102=CIRCLE('',#2815,51.);
#1103=CIRCLE('',#2816,51.);
#1104=CIRCLE('',#2820,40.0000008493662);
#1105=CIRCLE('',#2821,40.);
#1106=CIRCLE('',#2823,40.);
#1107=CIRCLE('',#2824,40.0000008493662);
#1108=CIRCLE('',#2826,46.7631);
#1109=CIRCLE('',#2827,46.7631);
#1110=CIRCLE('',#2829,51.);
#1111=CIRCLE('',#2831,51.);
#1112=CIRCLE('',#2837,5.);
#1113=CIRCLE('',#2839,37.5);
#1114=CIRCLE('',#2840,12.5);
#1115=CIRCLE('',#2842,37.5);
#1116=CIRCLE('',#2845,12.5);
#1117=CIRCLE('',#2846,8.925);
#1118=CIRCLE('',#2849,5.);
#1119=CIRCLE('',#2851,8.925);
#1120=CIRCLE('',#2858,3.50000005215406);
#1121=CIRCLE('',#2859,3.50000005215406);
#1122=CIRCLE('',#2861,3.60555132919089);
#1123=CIRCLE('',#2862,3.60555132919089);
#1124=CIRCLE('',#2864,3.53553395861629);
#1125=CIRCLE('',#2865,3.53553395861629);
#1126=CIRCLE('',#2869,3.50000000000001);
#1127=CIRCLE('',#2870,3.50000000000001);
#1128=CIRCLE('',#2873,4.);
#1129=CIRCLE('',#2880,4.);
#1130=CIRCLE('',#2883,37.5);
#1131=CIRCLE('',#2884,37.5);
#1132=CIRCLE('',#2888,4.);
#1133=CIRCLE('',#2889,4.);
#1134=CIRCLE('',#2899,17.5);
#1135=CIRCLE('',#2900,17.5);
#1136=CIRCLE('',#2903,7.5);
#1137=CIRCLE('',#2904,10.);
#1138=CIRCLE('',#2905,17.5);
#1139=CIRCLE('',#2906,17.5);
#1140=CIRCLE('',#2908,17.5);
#1141=CIRCLE('',#2912,3.53553395861629);
#1142=CIRCLE('',#2914,3.53553395861629);
#1143=CIRCLE('',#2917,3.53553395861629);
#1144=CIRCLE('',#2919,3.53553395861629);
#1145=CIRCLE('',#2922,3.53553395861629);
#1146=CIRCLE('',#2924,3.53553395861629);
#1147=CIRCLE('',#2926,5.);
#1148=CIRCLE('',#2927,37.5070609740303);
#1149=CIRCLE('',#2928,5.);
#1150=CIRCLE('',#2930,5.);
#1151=CIRCLE('',#2933,5.);
#1152=CIRCLE('',#2935,5.);
#1153=CIRCLE('',#2936,37.5070609740303);
#1154=CIRCLE('',#2937,5.);
#1155=CIRCLE('',#2939,5.);
#1156=CIRCLE('',#2942,5.);
#1157=CIRCLE('',#2944,5.);
#1158=CIRCLE('',#2945,37.5070609740303);
#1159=CIRCLE('',#2946,5.);
#1160=CIRCLE('',#2948,5.);
#1161=CIRCLE('',#2951,5.);
#1162=CIRCLE('',#2953,5.);
#1163=CIRCLE('',#2954,37.5070609740303);
#1164=CIRCLE('',#2955,5.);
#1165=CIRCLE('',#2957,5.);
#1166=CIRCLE('',#2960,5.);
#1167=VERTEX_POINT('',#3757);
#1168=VERTEX_POINT('',#3758);
#1169=VERTEX_POINT('',#3760);
#1170=VERTEX_POINT('',#3762);
#1171=VERTEX_POINT('',#3766);
#1172=VERTEX_POINT('',#3768);
#1173=VERTEX_POINT('',#3772);
#1174=VERTEX_POINT('',#3774);
#1175=VERTEX_POINT('',#3776);
#1176=VERTEX_POINT('',#3778);
#1177=VERTEX_POINT('',#3780);
#1178=VERTEX_POINT('',#3782);
#1179=VERTEX_POINT('',#3784);
#1180=VERTEX_POINT('',#3786);
#1181=VERTEX_POINT('',#3788);
#1182=VERTEX_POINT('',#3790);
#1183=VERTEX_POINT('',#3792);
#1184=VERTEX_POINT('',#3794);
#1185=VERTEX_POINT('',#3796);
#1186=VERTEX_POINT('',#3798);
#1187=VERTEX_POINT('',#3800);
#1188=VERTEX_POINT('',#3802);
#1189=VERTEX_POINT('',#3804);
#1190=VERTEX_POINT('',#3806);
#1191=VERTEX_POINT('',#3808);
#1192=VERTEX_POINT('',#3810);
#1193=VERTEX_POINT('',#3812);
#1194=VERTEX_POINT('',#3814);
#1195=VERTEX_POINT('',#3816);
#1196=VERTEX_POINT('',#3819);
#1197=VERTEX_POINT('',#3821);
#1198=VERTEX_POINT('',#3823);
#1199=VERTEX_POINT('',#3826);
#1200=VERTEX_POINT('',#3830);
#1201=VERTEX_POINT('',#3834);
#1202=VERTEX_POINT('',#3835);
#1203=VERTEX_POINT('',#3840);
#1204=VERTEX_POINT('',#3844);
#1205=VERTEX_POINT('',#3848);
#1206=VERTEX_POINT('',#3852);
#1207=VERTEX_POINT('',#3853);
#1208=VERTEX_POINT('',#3858);
#1209=VERTEX_POINT('',#3862);
#1210=VERTEX_POINT('',#3863);
#1211=VERTEX_POINT('',#3868);
#1212=VERTEX_POINT('',#3872);
#1213=VERTEX_POINT('',#3876);
#1214=VERTEX_POINT('',#3880);
#1215=VERTEX_POINT('',#3884);
#1216=VERTEX_POINT('',#3886);
#1217=VERTEX_POINT('',#3890);
#1218=VERTEX_POINT('',#3896);
#1219=VERTEX_POINT('',#3900);
#1220=VERTEX_POINT('',#3904);
#1221=VERTEX_POINT('',#3908);
#1222=VERTEX_POINT('',#3916);
#1223=VERTEX_POINT('',#3920);
#1224=VERTEX_POINT('',#3926);
#1225=VERTEX_POINT('',#3933);
#1226=VERTEX_POINT('',#3935);
#1227=VERTEX_POINT('',#3972);
#1228=VERTEX_POINT('',#3974);
#1229=VERTEX_POINT('',#4015);
#1230=VERTEX_POINT('',#4017);
#1231=VERTEX_POINT('',#4022);
#1232=VERTEX_POINT('',#4024);
#1233=VERTEX_POINT('',#4065);
#1234=VERTEX_POINT('',#4067);
#1235=VERTEX_POINT('',#4072);
#1236=VERTEX_POINT('',#4074);
#1237=VERTEX_POINT('',#4078);
#1238=VERTEX_POINT('',#4080);
#1239=VERTEX_POINT('',#4085);
#1240=VERTEX_POINT('',#4086);
#1241=VERTEX_POINT('',#4088);
#1242=VERTEX_POINT('',#4090);
#1243=VERTEX_POINT('',#4092);
#1244=VERTEX_POINT('',#4094);
#1245=VERTEX_POINT('',#4096);
#1246=VERTEX_POINT('',#4098);
#1247=VERTEX_POINT('',#4100);
#1248=VERTEX_POINT('',#4102);
#1249=VERTEX_POINT('',#4104);
#1250=VERTEX_POINT('',#4106);
#1251=VERTEX_POINT('',#4110);
#1252=VERTEX_POINT('',#4111);
#1253=VERTEX_POINT('',#4116);
#1254=VERTEX_POINT('',#4120);
#1255=VERTEX_POINT('',#4124);
#1256=VERTEX_POINT('',#4128);
#1257=VERTEX_POINT('',#4132);
#1258=VERTEX_POINT('',#4136);
#1259=VERTEX_POINT('',#4140);
#1260=VERTEX_POINT('',#4144);
#1261=VERTEX_POINT('',#4148);
#1262=VERTEX_POINT('',#4152);
#1263=VERTEX_POINT('',#4159);
#1264=VERTEX_POINT('',#4161);
#1265=VERTEX_POINT('',#4165);
#1266=VERTEX_POINT('',#4167);
#1267=VERTEX_POINT('',#4173);
#1268=VERTEX_POINT('',#4175);
#1269=VERTEX_POINT('',#4179);
#1270=VERTEX_POINT('',#4181);
#1271=VERTEX_POINT('',#4187);
#1272=VERTEX_POINT('',#4189);
#1273=VERTEX_POINT('',#4193);
#1274=VERTEX_POINT('',#4194);
#1275=VERTEX_POINT('',#4196);
#1276=VERTEX_POINT('',#4198);
#1277=VERTEX_POINT('',#4200);
#1278=VERTEX_POINT('',#4202);
#1279=VERTEX_POINT('',#4205);
#1280=VERTEX_POINT('',#4208);
#1281=VERTEX_POINT('',#4210);
#1282=VERTEX_POINT('',#4214);
#1283=VERTEX_POINT('',#4218);
#1284=VERTEX_POINT('',#4222);
#1285=VERTEX_POINT('',#4226);
#1286=VERTEX_POINT('',#4233);
#1287=VERTEX_POINT('',#4238);
#1288=VERTEX_POINT('',#4240);
#1289=VERTEX_POINT('',#4244);
#1290=VERTEX_POINT('',#4245);
#1291=VERTEX_POINT('',#4247);
#1292=VERTEX_POINT('',#4249);
#1293=VERTEX_POINT('',#4251);
#1294=VERTEX_POINT('',#4253);
#1295=VERTEX_POINT('',#4256);
#1296=VERTEX_POINT('',#4259);
#1297=VERTEX_POINT('',#4261);
#1298=VERTEX_POINT('',#4265);
#1299=VERTEX_POINT('',#4269);
#1300=VERTEX_POINT('',#4273);
#1301=VERTEX_POINT('',#4277);
#1302=VERTEX_POINT('',#4284);
#1303=VERTEX_POINT('',#4289);
#1304=VERTEX_POINT('',#4291);
#1305=VERTEX_POINT('',#4297);
#1306=VERTEX_POINT('',#4299);
#1307=VERTEX_POINT('',#4303);
#1308=VERTEX_POINT('',#4305);
#1309=VERTEX_POINT('',#4309);
#1310=VERTEX_POINT('',#4311);
#1311=VERTEX_POINT('',#4315);
#1312=VERTEX_POINT('',#4318);
#1313=VERTEX_POINT('',#4326);
#1314=VERTEX_POINT('',#4329);
#1315=VERTEX_POINT('',#4331);
#1316=VERTEX_POINT('',#4334);
#1317=VERTEX_POINT('',#4339);
#1318=VERTEX_POINT('',#4341);
#1319=VERTEX_POINT('',#4346);
#1320=VERTEX_POINT('',#4350);
#1321=VERTEX_POINT('',#4355);
#1322=VERTEX_POINT('',#4356);
#1323=VERTEX_POINT('',#4358);
#1324=VERTEX_POINT('',#4360);
#1325=VERTEX_POINT('',#4364);
#1326=VERTEX_POINT('',#4365);
#1327=VERTEX_POINT('',#4367);
#1328=VERTEX_POINT('',#4369);
#1329=VERTEX_POINT('',#4379);
#1330=VERTEX_POINT('',#4381);
#1331=VERTEX_POINT('',#4385);
#1332=VERTEX_POINT('',#4387);
#1333=VERTEX_POINT('',#4391);
#1334=VERTEX_POINT('',#4393);
#1335=VERTEX_POINT('',#4399);
#1336=VERTEX_POINT('',#4401);
#1337=VERTEX_POINT('',#4406);
#1338=VERTEX_POINT('',#4407);
#1339=VERTEX_POINT('',#4409);
#1340=VERTEX_POINT('',#4411);
#1341=VERTEX_POINT('',#4414);
#1342=VERTEX_POINT('',#4417);
#1343=VERTEX_POINT('',#4419);
#1344=VERTEX_POINT('',#4423);
#1345=VERTEX_POINT('',#4427);
#1346=VERTEX_POINT('',#4434);
#1347=VERTEX_POINT('',#4439);
#1348=VERTEX_POINT('',#4441);
#1349=VERTEX_POINT('',#4447);
#1350=VERTEX_POINT('',#4449);
#1351=VERTEX_POINT('',#4453);
#1352=VERTEX_POINT('',#4454);
#1353=VERTEX_POINT('',#4456);
#1354=VERTEX_POINT('',#4458);
#1355=VERTEX_POINT('',#4462);
#1356=VERTEX_POINT('',#4464);
#1357=VERTEX_POINT('',#4468);
#1358=VERTEX_POINT('',#4470);
#1359=VERTEX_POINT('',#4474);
#1360=VERTEX_POINT('',#4476);
#1361=VERTEX_POINT('',#4480);
#1362=VERTEX_POINT('',#4482);
#1363=VERTEX_POINT('',#4491);
#1364=VERTEX_POINT('',#4493);
#1365=VERTEX_POINT('',#4525);
#1366=VERTEX_POINT('',#4527);
#1367=VERTEX_POINT('',#4529);
#1368=VERTEX_POINT('',#4533);
#1369=VERTEX_POINT('',#4539);
#1370=VERTEX_POINT('',#4542);
#1371=VERTEX_POINT('',#4547);
#1372=VERTEX_POINT('',#4550);
#1373=VERTEX_POINT('',#4555);
#1374=VERTEX_POINT('',#4558);
#1375=VERTEX_POINT('',#4607);
#1376=VERTEX_POINT('',#4609);
#1377=VERTEX_POINT('',#4613);
#1378=VERTEX_POINT('',#4618);
#1379=VERTEX_POINT('',#4667);
#1380=VERTEX_POINT('',#4669);
#1381=VERTEX_POINT('',#4673);
#1382=VERTEX_POINT('',#4678);
#1383=VERTEX_POINT('',#4727);
#1384=VERTEX_POINT('',#4729);
#1385=VERTEX_POINT('',#4733);
#1386=VERTEX_POINT('',#4738);
#1387=VERTEX_POINT('',#4787);
#1388=VERTEX_POINT('',#4789);
#1389=VERTEX_POINT('',#4793);
#1390=VERTEX_POINT('',#4798);
#1391=EDGE_CURVE('',#1167,#1168,#1049,.T.);
#1392=EDGE_CURVE('',#1168,#1169,#611,.T.);
#1393=EDGE_CURVE('',#1169,#1170,#1050,.T.);
#1394=EDGE_CURVE('',#1170,#1167,#612,.T.);
#1395=EDGE_CURVE('',#1170,#1171,#613,.T.);
#1396=EDGE_CURVE('',#1172,#1171,#614,.T.);
#1397=EDGE_CURVE('',#1167,#1172,#615,.T.);
#1398=EDGE_CURVE('',#1169,#1173,#616,.T.);
#1399=EDGE_CURVE('',#1173,#1174,#617,.T.);
#1400=EDGE_CURVE('',#1174,#1175,#618,.T.);
#1401=EDGE_CURVE('',#1175,#1176,#619,.T.);
#1402=EDGE_CURVE('',#1177,#1176,#1051,.T.);
#1403=EDGE_CURVE('',#1177,#1178,#620,.T.);
#1404=EDGE_CURVE('',#1179,#1178,#1052,.T.);
#1405=EDGE_CURVE('',#1180,#1179,#621,.T.);
#1406=EDGE_CURVE('',#1181,#1180,#1053,.T.);
#1407=EDGE_CURVE('',#1182,#1181,#622,.T.);
#1408=EDGE_CURVE('',#1183,#1182,#623,.T.);
#1409=EDGE_CURVE('',#1184,#1183,#624,.T.);
#1410=EDGE_CURVE('',#1185,#1184,#625,.T.);
#1411=EDGE_CURVE('',#1186,#1185,#626,.T.);
#1412=EDGE_CURVE('',#1187,#1186,#1054,.T.);
#1413=EDGE_CURVE('',#1188,#1187,#627,.T.);
#1414=EDGE_CURVE('',#1189,#1188,#1055,.T.);
#1415=EDGE_CURVE('',#1190,#1189,#628,.T.);
#1416=EDGE_CURVE('',#1191,#1190,#1056,.T.);
#1417=EDGE_CURVE('',#1191,#1192,#629,.T.);
#1418=EDGE_CURVE('',#1192,#1193,#630,.T.);
#1419=EDGE_CURVE('',#1194,#1193,#631,.T.);
#1420=EDGE_CURVE('',#1195,#1194,#632,.T.);
#1421=EDGE_CURVE('',#1171,#1195,#1057,.T.);
#1422=EDGE_CURVE('',#1196,#1196,#1058,.T.);
#1423=EDGE_CURVE('',#1197,#1197,#1059,.T.);
#1424=EDGE_CURVE('',#1198,#1198,#1060,.T.);
#1425=EDGE_CURVE('',#1199,#1172,#1061,.T.);
#1426=EDGE_CURVE('',#1195,#1199,#633,.T.);
#1427=EDGE_CURVE('',#1194,#1200,#634,.T.);
#1428=EDGE_CURVE('',#1199,#1200,#635,.T.);
#1429=EDGE_CURVE('',#1201,#1202,#1062,.T.);
#1430=EDGE_CURVE('',#1202,#1189,#636,.T.);
#1431=EDGE_CURVE('',#1188,#1201,#637,.T.);
#1432=EDGE_CURVE('',#1203,#1187,#638,.T.);
#1433=EDGE_CURVE('',#1201,#1203,#639,.T.);
#1434=EDGE_CURVE('',#1204,#1203,#1063,.T.);
#1435=EDGE_CURVE('',#1186,#1204,#640,.T.);
#1436=EDGE_CURVE('',#1185,#1205,#641,.T.);
#1437=EDGE_CURVE('',#1204,#1205,#642,.T.);
#1438=EDGE_CURVE('',#1206,#1207,#1064,.T.);
#1439=EDGE_CURVE('',#1207,#1179,#643,.T.);
#1440=EDGE_CURVE('',#1178,#1206,#644,.T.);
#1441=EDGE_CURVE('',#1177,#1208,#645,.T.);
#1442=EDGE_CURVE('',#1206,#1208,#646,.T.);
#1443=EDGE_CURVE('',#1209,#1210,#1065,.T.);
#1444=EDGE_CURVE('',#1210,#1181,#647,.T.);
#1445=EDGE_CURVE('',#1180,#1209,#648,.T.);
#1446=EDGE_CURVE('',#1211,#1210,#649,.T.);
#1447=EDGE_CURVE('',#1182,#1211,#650,.T.);
#1448=EDGE_CURVE('',#1212,#1212,#1066,.T.);
#1449=EDGE_CURVE('',#1212,#1196,#651,.T.);
#1450=EDGE_CURVE('',#1213,#1213,#1067,.T.);
#1451=EDGE_CURVE('',#1213,#1197,#652,.T.);
#1452=EDGE_CURVE('',#1214,#1214,#1068,.T.);
#1453=EDGE_CURVE('',#1214,#1198,#653,.T.);
#1454=EDGE_CURVE('',#1191,#1215,#654,.T.);
#1455=EDGE_CURVE('',#1216,#1215,#655,.T.);
#1456=EDGE_CURVE('',#1192,#1216,#656,.T.);
#1457=EDGE_CURVE('',#1217,#1216,#657,.T.);
#1458=EDGE_CURVE('',#1193,#1217,#658,.T.);
#1459=EDGE_CURVE('',#1200,#1217,#659,.T.);
#1460=EDGE_CURVE('',#1218,#1168,#660,.T.);
#1461=EDGE_CURVE('',#1173,#1218,#661,.T.);
#1462=EDGE_CURVE('',#1219,#1218,#662,.T.);
#1463=EDGE_CURVE('',#1174,#1219,#663,.T.);
#1464=EDGE_CURVE('',#1220,#1219,#664,.T.);
#1465=EDGE_CURVE('',#1175,#1220,#665,.T.);
#1466=EDGE_CURVE('',#1221,#1220,#666,.T.);
#1467=EDGE_CURVE('',#1176,#1221,#667,.T.);
#1468=EDGE_CURVE('',#1208,#1221,#1069,.T.);
#1469=EDGE_CURVE('',#1209,#1207,#668,.T.);
#1470=EDGE_CURVE('',#1222,#1211,#669,.T.);
#1471=EDGE_CURVE('',#1183,#1222,#670,.T.);
#1472=EDGE_CURVE('',#1223,#1222,#671,.T.);
#1473=EDGE_CURVE('',#1184,#1223,#672,.T.);
#1474=EDGE_CURVE('',#1205,#1223,#673,.T.);
#1475=EDGE_CURVE('',#1224,#1202,#674,.T.);
#1476=EDGE_CURVE('',#1190,#1224,#675,.T.);
#1477=EDGE_CURVE('',#1215,#1224,#1070,.T.);
#1478=EDGE_CURVE('',#1225,#1225,#1071,.T.);
#1479=EDGE_CURVE('',#1225,#1226,#676,.T.);
#1480=EDGE_CURVE('',#1226,#1226,#18,.T.);
#1481=EDGE_CURVE('',#1227,#1227,#1072,.T.);
#1482=EDGE_CURVE('',#1227,#1228,#677,.T.);
#1483=EDGE_CURVE('',#1228,#1228,#19,.T.);
#1484=EDGE_CURVE('',#1229,#1229,#1073,.T.);
#1485=EDGE_CURVE('',#1229,#1230,#678,.T.);
#1486=EDGE_CURVE('',#1230,#1230,#1074,.T.);
#1487=EDGE_CURVE('',#1231,#1231,#1075,.T.);
#1488=EDGE_CURVE('',#1231,#1232,#679,.T.);
#1489=EDGE_CURVE('',#1232,#1232,#20,.T.);
#1490=EDGE_CURVE('',#1233,#1233,#1076,.T.);
#1491=EDGE_CURVE('',#1233,#1234,#680,.T.);
#1492=EDGE_CURVE('',#1234,#1234,#1077,.T.);
#1493=EDGE_CURVE('',#1235,#1235,#1078,.T.);
#1494=EDGE_CURVE('',#1235,#1236,#681,.T.);
#1495=EDGE_CURVE('',#1236,#1236,#1079,.T.);
#1496=EDGE_CURVE('',#1237,#1237,#1080,.F.);
#1497=EDGE_CURVE('',#1237,#1238,#682,.T.);
#1498=EDGE_CURVE('',#1238,#1238,#1081,.T.);
#1499=EDGE_CURVE('',#1239,#1240,#1082,.T.);
#1500=EDGE_CURVE('',#1240,#1241,#683,.T.);
#1501=EDGE_CURVE('',#1241,#1242,#684,.T.);
#1502=EDGE_CURVE('',#1242,#1243,#685,.T.);
#1503=EDGE_CURVE('',#1243,#1244,#686,.T.);
#1504=EDGE_CURVE('',#1244,#1245,#687,.T.);
#1505=EDGE_CURVE('',#1245,#1246,#1083,.T.);
#1506=EDGE_CURVE('',#1246,#1247,#688,.T.);
#1507=EDGE_CURVE('',#1247,#1248,#689,.T.);
#1508=EDGE_CURVE('',#1248,#1249,#690,.T.);
#1509=EDGE_CURVE('',#1249,#1250,#691,.T.);
#1510=EDGE_CURVE('',#1250,#1239,#692,.T.);
#1511=EDGE_CURVE('',#1251,#1252,#693,.T.);
#1512=EDGE_CURVE('',#1251,#1239,#694,.T.);
#1513=EDGE_CURVE('',#1252,#1250,#695,.T.);
#1514=EDGE_CURVE('',#1252,#1253,#696,.T.);
#1515=EDGE_CURVE('',#1253,#1249,#697,.T.);
#1516=EDGE_CURVE('',#1253,#1254,#698,.T.);
#1517=EDGE_CURVE('',#1254,#1248,#699,.T.);
#1518=EDGE_CURVE('',#1254,#1255,#700,.T.);
#1519=EDGE_CURVE('',#1255,#1247,#701,.T.);
#1520=EDGE_CURVE('',#1255,#1256,#702,.T.);
#1521=EDGE_CURVE('',#1256,#1246,#703,.T.);
#1522=EDGE_CURVE('',#1257,#1256,#1084,.T.);
#1523=EDGE_CURVE('',#1257,#1245,#704,.T.);
#1524=EDGE_CURVE('',#1258,#1257,#705,.T.);
#1525=EDGE_CURVE('',#1258,#1244,#706,.T.);
#1526=EDGE_CURVE('',#1259,#1258,#707,.T.);
#1527=EDGE_CURVE('',#1259,#1243,#708,.T.);
#1528=EDGE_CURVE('',#1260,#1259,#709,.T.);
#1529=EDGE_CURVE('',#1260,#1242,#710,.T.);
#1530=EDGE_CURVE('',#1261,#1260,#711,.T.);
#1531=EDGE_CURVE('',#1261,#1241,#712,.T.);
#1532=EDGE_CURVE('',#1262,#1261,#713,.T.);
#1533=EDGE_CURVE('',#1262,#1240,#714,.T.);
#1534=EDGE_CURVE('',#1251,#1262,#1085,.T.);
#1535=EDGE_CURVE('',#1263,#1263,#1086,.T.);
#1536=EDGE_CURVE('',#1263,#1264,#715,.T.);
#1537=EDGE_CURVE('',#1264,#1264,#1087,.F.);
#1538=EDGE_CURVE('',#1265,#1265,#1088,.T.);
#1539=EDGE_CURVE('',#1265,#1266,#716,.T.);
#1540=EDGE_CURVE('',#1266,#1266,#1089,.T.);
#1541=EDGE_CURVE('',#1267,#1267,#1090,.F.);
#1542=EDGE_CURVE('',#1267,#1268,#717,.T.);
#1543=EDGE_CURVE('',#1268,#1268,#1091,.T.);
#1544=EDGE_CURVE('',#1269,#1269,#1092,.T.);
#1545=EDGE_CURVE('',#1269,#1270,#718,.T.);
#1546=EDGE_CURVE('',#1270,#1270,#1093,.T.);
#1547=EDGE_CURVE('',#1271,#1271,#1094,.T.);
#1548=EDGE_CURVE('',#1271,#1272,#719,.T.);
#1549=EDGE_CURVE('',#1272,#1272,#1095,.T.);
#1550=EDGE_CURVE('',#1273,#1274,#720,.T.);
#1551=EDGE_CURVE('',#1275,#1273,#721,.T.);
#1552=EDGE_CURVE('',#1276,#1275,#722,.T.);
#1553=EDGE_CURVE('',#1277,#1276,#723,.T.);
#1554=EDGE_CURVE('',#1278,#1277,#724,.T.);
#1555=EDGE_CURVE('',#1274,#1278,#725,.T.);
#1556=EDGE_CURVE('',#1279,#1279,#1096,.F.);
#1557=EDGE_CURVE('',#1273,#1280,#726,.T.);
#1558=EDGE_CURVE('',#1281,#1280,#727,.T.);
#1559=EDGE_CURVE('',#1275,#1281,#728,.T.);
#1560=EDGE_CURVE('',#1282,#1281,#729,.T.);
#1561=EDGE_CURVE('',#1276,#1282,#730,.T.);
#1562=EDGE_CURVE('',#1283,#1282,#731,.T.);
#1563=EDGE_CURVE('',#1277,#1283,#732,.T.);
#1564=EDGE_CURVE('',#1284,#1283,#733,.T.);
#1565=EDGE_CURVE('',#1278,#1284,#734,.T.);
#1566=EDGE_CURVE('',#1285,#1284,#735,.T.);
#1567=EDGE_CURVE('',#1274,#1285,#736,.T.);
#1568=EDGE_CURVE('',#1280,#1285,#737,.T.);
#1569=EDGE_CURVE('',#1279,#1286,#738,.T.);
#1570=EDGE_CURVE('',#1286,#1286,#1097,.F.);
#1571=EDGE_CURVE('',#1287,#1287,#1098,.T.);
#1572=EDGE_CURVE('',#1287,#1288,#739,.T.);
#1573=EDGE_CURVE('',#1288,#1288,#1099,.T.);
#1574=EDGE_CURVE('',#1289,#1290,#740,.T.);
#1575=EDGE_CURVE('',#1291,#1289,#741,.T.);
#1576=EDGE_CURVE('',#1292,#1291,#742,.T.);
#1577=EDGE_CURVE('',#1293,#1292,#743,.T.);
#1578=EDGE_CURVE('',#1294,#1293,#744,.T.);
#1579=EDGE_CURVE('',#1290,#1294,#745,.T.);
#1580=EDGE_CURVE('',#1295,#1295,#1100,.F.);
#1581=EDGE_CURVE('',#1289,#1296,#746,.T.);
#1582=EDGE_CURVE('',#1297,#1296,#747,.T.);
#1583=EDGE_CURVE('',#1291,#1297,#748,.T.);
#1584=EDGE_CURVE('',#1298,#1297,#749,.T.);
#1585=EDGE_CURVE('',#1292,#1298,#750,.T.);
#1586=EDGE_CURVE('',#1299,#1298,#751,.T.);
#1587=EDGE_CURVE('',#1293,#1299,#752,.T.);
#1588=EDGE_CURVE('',#1300,#1299,#753,.T.);
#1589=EDGE_CURVE('',#1294,#1300,#754,.T.);
#1590=EDGE_CURVE('',#1301,#1300,#755,.T.);
#1591=EDGE_CURVE('',#1290,#1301,#756,.T.);
#1592=EDGE_CURVE('',#1296,#1301,#757,.T.);
#1593=EDGE_CURVE('',#1295,#1302,#758,.T.);
#1594=EDGE_CURVE('',#1302,#1302,#1101,.F.);
#1595=EDGE_CURVE('',#1303,#1303,#1102,.T.);
#1596=EDGE_CURVE('',#1303,#1304,#759,.T.);
#1597=EDGE_CURVE('',#1304,#1304,#1103,.T.);
#1598=EDGE_CURVE('',#1305,#1305,#1104,.T.);
#1599=EDGE_CURVE('',#1305,#1306,#760,.T.);
#1600=EDGE_CURVE('',#1306,#1306,#1105,.T.);
#1601=EDGE_CURVE('',#1307,#1307,#1106,.T.);
#1602=EDGE_CURVE('',#1307,#1308,#761,.T.);
#1603=EDGE_CURVE('',#1308,#1308,#1107,.T.);
#1604=EDGE_CURVE('',#1309,#1309,#1108,.T.);
#1605=EDGE_CURVE('',#1309,#1310,#762,.T.);
#1606=EDGE_CURVE('',#1310,#1310,#1109,.F.);
#1607=EDGE_CURVE('',#1311,#1311,#1110,.T.);
#1608=EDGE_CURVE('',#1312,#1312,#1111,.T.);
#1609=EDGE_CURVE('',#1312,#1311,#763,.T.);
#1610=EDGE_CURVE('',#1313,#1313,#1112,.T.);
#1611=EDGE_CURVE('',#1314,#1314,#1113,.T.);
#1612=EDGE_CURVE('',#1315,#1315,#1114,.T.);
#1613=EDGE_CURVE('',#1316,#1316,#1115,.T.);
#1614=EDGE_CURVE('',#1316,#1314,#764,.T.);
#1615=EDGE_CURVE('',#1317,#1317,#1116,.T.);
#1616=EDGE_CURVE('',#1318,#1318,#1117,.F.);
#1617=EDGE_CURVE('',#1315,#1317,#765,.T.);
#1618=EDGE_CURVE('',#1313,#1319,#766,.T.);
#1619=EDGE_CURVE('',#1319,#1319,#1118,.T.);
#1620=EDGE_CURVE('',#1318,#1320,#767,.T.);
#1621=EDGE_CURVE('',#1320,#1320,#1119,.F.);
#1622=EDGE_CURVE('',#1321,#1322,#768,.T.);
#1623=EDGE_CURVE('',#1322,#1323,#769,.T.);
#1624=EDGE_CURVE('',#1323,#1324,#770,.T.);
#1625=EDGE_CURVE('',#1324,#1321,#771,.T.);
#1626=EDGE_CURVE('',#1325,#1326,#772,.T.);
#1627=EDGE_CURVE('',#1326,#1327,#773,.T.);
#1628=EDGE_CURVE('',#1327,#1328,#774,.T.);
#1629=EDGE_CURVE('',#1328,#1325,#775,.T.);
#1630=EDGE_CURVE('',#1321,#1326,#776,.T.);
#1631=EDGE_CURVE('',#1327,#1324,#777,.T.);
#1632=EDGE_CURVE('',#1325,#1322,#778,.T.);
#1633=EDGE_CURVE('',#1323,#1328,#779,.T.);
#1634=EDGE_CURVE('',#1329,#1329,#1120,.T.);
#1635=EDGE_CURVE('',#1329,#1330,#780,.T.);
#1636=EDGE_CURVE('',#1330,#1330,#1121,.T.);
#1637=EDGE_CURVE('',#1331,#1331,#1122,.T.);
#1638=EDGE_CURVE('',#1331,#1332,#781,.T.);
#1639=EDGE_CURVE('',#1332,#1332,#1123,.T.);
#1640=EDGE_CURVE('',#1333,#1333,#1124,.T.);
#1641=EDGE_CURVE('',#1333,#1334,#782,.T.);
#1642=EDGE_CURVE('',#1334,#1334,#1125,.T.);
#1643=EDGE_CURVE('',#1335,#1335,#1126,.T.);
#1644=EDGE_CURVE('',#1335,#1336,#783,.T.);
#1645=EDGE_CURVE('',#1336,#1336,#1127,.T.);
#1646=EDGE_CURVE('',#1337,#1338,#784,.T.);
#1647=EDGE_CURVE('',#1338,#1339,#785,.T.);
#1648=EDGE_CURVE('',#1339,#1340,#786,.T.);
#1649=EDGE_CURVE('',#1340,#1337,#787,.T.);
#1650=EDGE_CURVE('',#1341,#1341,#1128,.T.);
#1651=EDGE_CURVE('',#1338,#1342,#788,.T.);
#1652=EDGE_CURVE('',#1343,#1342,#789,.T.);
#1653=EDGE_CURVE('',#1339,#1343,#790,.T.);
#1654=EDGE_CURVE('',#1344,#1343,#791,.T.);
#1655=EDGE_CURVE('',#1340,#1344,#792,.T.);
#1656=EDGE_CURVE('',#1345,#1344,#793,.T.);
#1657=EDGE_CURVE('',#1337,#1345,#794,.T.);
#1658=EDGE_CURVE('',#1342,#1345,#795,.T.);
#1659=EDGE_CURVE('',#1341,#1346,#796,.T.);
#1660=EDGE_CURVE('',#1346,#1346,#1129,.T.);
#1661=EDGE_CURVE('',#1347,#1347,#1130,.T.);
#1662=EDGE_CURVE('',#1347,#1348,#797,.T.);
#1663=EDGE_CURVE('',#1348,#1348,#1131,.T.);
#1664=EDGE_CURVE('',#1349,#1349,#1132,.T.);
#1665=EDGE_CURVE('',#1349,#1350,#798,.T.);
#1666=EDGE_CURVE('',#1350,#1350,#1133,.T.);
#1667=EDGE_CURVE('',#1351,#1352,#799,.T.);
#1668=EDGE_CURVE('',#1352,#1353,#800,.T.);
#1669=EDGE_CURVE('',#1354,#1353,#801,.T.);
#1670=EDGE_CURVE('',#1351,#1354,#802,.T.);
#1671=EDGE_CURVE('',#1355,#1351,#803,.T.);
#1672=EDGE_CURVE('',#1356,#1354,#804,.T.);
#1673=EDGE_CURVE('',#1355,#1356,#805,.T.);
#1674=EDGE_CURVE('',#1357,#1355,#806,.T.);
#1675=EDGE_CURVE('',#1358,#1356,#807,.T.);
#1676=EDGE_CURVE('',#1357,#1358,#808,.T.);
#1677=EDGE_CURVE('',#1359,#1357,#809,.T.);
#1678=EDGE_CURVE('',#1360,#1358,#810,.T.);
#1679=EDGE_CURVE('',#1359,#1360,#811,.T.);
#1680=EDGE_CURVE('',#1361,#1359,#812,.T.);
#1681=EDGE_CURVE('',#1362,#1360,#813,.T.);
#1682=EDGE_CURVE('',#1361,#1362,#814,.T.);
#1683=EDGE_CURVE('',#1352,#1361,#815,.T.);
#1684=EDGE_CURVE('',#1353,#1362,#816,.T.);
#1685=EDGE_CURVE('',#1363,#1363,#1134,.T.);
#1686=EDGE_CURVE('',#1363,#1364,#817,.T.);
#1687=EDGE_CURVE('',#1364,#1364,#1135,.T.);
#1688=EDGE_CURVE('',#1365,#1365,#1136,.T.);
#1689=EDGE_CURVE('',#1365,#1366,#1137,.T.);
#1690=EDGE_CURVE('',#1366,#1367,#1138,.T.);
#1691=EDGE_CURVE('',#1367,#1366,#1139,.T.);
#1692=EDGE_CURVE('',#1367,#1368,#818,.T.);
#1693=EDGE_CURVE('',#1368,#1368,#1140,.T.);
#1694=EDGE_CURVE('',#1369,#1369,#1141,.T.);
#1695=EDGE_CURVE('',#1369,#1370,#819,.T.);
#1696=EDGE_CURVE('',#1370,#1370,#1142,.T.);
#1697=EDGE_CURVE('',#1371,#1371,#1143,.T.);
#1698=EDGE_CURVE('',#1371,#1372,#820,.T.);
#1699=EDGE_CURVE('',#1372,#1372,#1144,.T.);
#1700=EDGE_CURVE('',#1373,#1373,#1145,.T.);
#1701=EDGE_CURVE('',#1373,#1374,#821,.T.);
#1702=EDGE_CURVE('',#1374,#1374,#1146,.T.);
#1703=EDGE_CURVE('',#1375,#1375,#1147,.T.);
#1704=EDGE_CURVE('',#1375,#1376,#1148,.T.);
#1705=EDGE_CURVE('',#1376,#1376,#1149,.T.);
#1706=EDGE_CURVE('',#1375,#1377,#822,.T.);
#1707=EDGE_CURVE('',#1377,#1377,#1150,.T.);
#1708=EDGE_CURVE('',#1378,#1378,#1151,.T.);
#1709=EDGE_CURVE('',#1378,#1376,#823,.T.);
#1710=EDGE_CURVE('',#1379,#1379,#1152,.T.);
#1711=EDGE_CURVE('',#1379,#1380,#1153,.T.);
#1712=EDGE_CURVE('',#1380,#1380,#1154,.T.);
#1713=EDGE_CURVE('',#1379,#1381,#824,.T.);
#1714=EDGE_CURVE('',#1381,#1381,#1155,.T.);
#1715=EDGE_CURVE('',#1382,#1382,#1156,.T.);
#1716=EDGE_CURVE('',#1382,#1380,#825,.T.);
#1717=EDGE_CURVE('',#1383,#1383,#1157,.T.);
#1718=EDGE_CURVE('',#1383,#1384,#1158,.T.);
#1719=EDGE_CURVE('',#1384,#1384,#1159,.T.);
#1720=EDGE_CURVE('',#1383,#1385,#826,.T.);
#1721=EDGE_CURVE('',#1385,#1385,#1160,.T.);
#1722=EDGE_CURVE('',#1386,#1386,#1161,.T.);
#1723=EDGE_CURVE('',#1386,#1384,#827,.T.);
#1724=EDGE_CURVE('',#1387,#1387,#1162,.T.);
#1725=EDGE_CURVE('',#1387,#1388,#1163,.T.);
#1726=EDGE_CURVE('',#1388,#1388,#1164,.T.);
#1727=EDGE_CURVE('',#1387,#1389,#828,.T.);
#1728=EDGE_CURVE('',#1389,#1389,#1165,.T.);
#1729=EDGE_CURVE('',#1390,#1390,#1166,.T.);
#1730=EDGE_CURVE('',#1390,#1388,#829,.T.);
#1731=ORIENTED_EDGE('',*,*,#1391,.T.);
#1732=ORIENTED_EDGE('',*,*,#1392,.T.);
#1733=ORIENTED_EDGE('',*,*,#1393,.T.);
#1734=ORIENTED_EDGE('',*,*,#1394,.T.);
#1735=ORIENTED_EDGE('',*,*,#1394,.F.);
#1736=ORIENTED_EDGE('',*,*,#1395,.T.);
#1737=ORIENTED_EDGE('',*,*,#1396,.F.);
#1738=ORIENTED_EDGE('',*,*,#1397,.F.);
#1739=ORIENTED_EDGE('',*,*,#1393,.F.);
#1740=ORIENTED_EDGE('',*,*,#1398,.T.);
#1741=ORIENTED_EDGE('',*,*,#1399,.T.);
#1742=ORIENTED_EDGE('',*,*,#1400,.T.);
#1743=ORIENTED_EDGE('',*,*,#1401,.T.);
#1744=ORIENTED_EDGE('',*,*,#1402,.F.);
#1745=ORIENTED_EDGE('',*,*,#1403,.T.);
#1746=ORIENTED_EDGE('',*,*,#1404,.F.);
#1747=ORIENTED_EDGE('',*,*,#1405,.F.);
#1748=ORIENTED_EDGE('',*,*,#1406,.F.);
#1749=ORIENTED_EDGE('',*,*,#1407,.F.);
#1750=ORIENTED_EDGE('',*,*,#1408,.F.);
#1751=ORIENTED_EDGE('',*,*,#1409,.F.);
#1752=ORIENTED_EDGE('',*,*,#1410,.F.);
#1753=ORIENTED_EDGE('',*,*,#1411,.F.);
#1754=ORIENTED_EDGE('',*,*,#1412,.F.);
#1755=ORIENTED_EDGE('',*,*,#1413,.F.);
#1756=ORIENTED_EDGE('',*,*,#1414,.F.);
#1757=ORIENTED_EDGE('',*,*,#1415,.F.);
#1758=ORIENTED_EDGE('',*,*,#1416,.F.);
#1759=ORIENTED_EDGE('',*,*,#1417,.T.);
#1760=ORIENTED_EDGE('',*,*,#1418,.T.);
#1761=ORIENTED_EDGE('',*,*,#1419,.F.);
#1762=ORIENTED_EDGE('',*,*,#1420,.F.);
#1763=ORIENTED_EDGE('',*,*,#1421,.F.);
#1764=ORIENTED_EDGE('',*,*,#1395,.F.);
#1765=ORIENTED_EDGE('',*,*,#1422,.T.);
#1766=ORIENTED_EDGE('',*,*,#1423,.T.);
#1767=ORIENTED_EDGE('',*,*,#1424,.T.);
#1768=ORIENTED_EDGE('',*,*,#1425,.T.);
#1769=ORIENTED_EDGE('',*,*,#1396,.T.);
#1770=ORIENTED_EDGE('',*,*,#1421,.T.);
#1771=ORIENTED_EDGE('',*,*,#1426,.T.);
#1772=ORIENTED_EDGE('',*,*,#1426,.F.);
#1773=ORIENTED_EDGE('',*,*,#1420,.T.);
#1774=ORIENTED_EDGE('',*,*,#1427,.T.);
#1775=ORIENTED_EDGE('',*,*,#1428,.F.);
#1776=ORIENTED_EDGE('',*,*,#1429,.T.);
#1777=ORIENTED_EDGE('',*,*,#1430,.T.);
#1778=ORIENTED_EDGE('',*,*,#1414,.T.);
#1779=ORIENTED_EDGE('',*,*,#1431,.T.);
#1780=ORIENTED_EDGE('',*,*,#1431,.F.);
#1781=ORIENTED_EDGE('',*,*,#1413,.T.);
#1782=ORIENTED_EDGE('',*,*,#1432,.F.);
#1783=ORIENTED_EDGE('',*,*,#1433,.F.);
#1784=ORIENTED_EDGE('',*,*,#1434,.T.);
#1785=ORIENTED_EDGE('',*,*,#1432,.T.);
#1786=ORIENTED_EDGE('',*,*,#1412,.T.);
#1787=ORIENTED_EDGE('',*,*,#1435,.T.);
#1788=ORIENTED_EDGE('',*,*,#1435,.F.);
#1789=ORIENTED_EDGE('',*,*,#1411,.T.);
#1790=ORIENTED_EDGE('',*,*,#1436,.T.);
#1791=ORIENTED_EDGE('',*,*,#1437,.F.);
#1792=ORIENTED_EDGE('',*,*,#1438,.T.);
#1793=ORIENTED_EDGE('',*,*,#1439,.T.);
#1794=ORIENTED_EDGE('',*,*,#1404,.T.);
#1795=ORIENTED_EDGE('',*,*,#1440,.T.);
#1796=ORIENTED_EDGE('',*,*,#1440,.F.);
#1797=ORIENTED_EDGE('',*,*,#1403,.F.);
#1798=ORIENTED_EDGE('',*,*,#1441,.T.);
#1799=ORIENTED_EDGE('',*,*,#1442,.F.);
#1800=ORIENTED_EDGE('',*,*,#1443,.T.);
#1801=ORIENTED_EDGE('',*,*,#1444,.T.);
#1802=ORIENTED_EDGE('',*,*,#1406,.T.);
#1803=ORIENTED_EDGE('',*,*,#1445,.T.);
#1804=ORIENTED_EDGE('',*,*,#1444,.F.);
#1805=ORIENTED_EDGE('',*,*,#1446,.F.);
#1806=ORIENTED_EDGE('',*,*,#1447,.F.);
#1807=ORIENTED_EDGE('',*,*,#1407,.T.);
#1808=ORIENTED_EDGE('',*,*,#1448,.F.);
#1809=ORIENTED_EDGE('',*,*,#1449,.T.);
#1810=ORIENTED_EDGE('',*,*,#1422,.F.);
#1811=ORIENTED_EDGE('',*,*,#1449,.F.);
#1812=ORIENTED_EDGE('',*,*,#1450,.F.);
#1813=ORIENTED_EDGE('',*,*,#1451,.T.);
#1814=ORIENTED_EDGE('',*,*,#1423,.F.);
#1815=ORIENTED_EDGE('',*,*,#1451,.F.);
#1816=ORIENTED_EDGE('',*,*,#1452,.F.);
#1817=ORIENTED_EDGE('',*,*,#1453,.T.);
#1818=ORIENTED_EDGE('',*,*,#1424,.F.);
#1819=ORIENTED_EDGE('',*,*,#1453,.F.);
#1820=ORIENTED_EDGE('',*,*,#1417,.F.);
#1821=ORIENTED_EDGE('',*,*,#1454,.T.);
#1822=ORIENTED_EDGE('',*,*,#1455,.F.);
#1823=ORIENTED_EDGE('',*,*,#1456,.F.);
#1824=ORIENTED_EDGE('',*,*,#1418,.F.);
#1825=ORIENTED_EDGE('',*,*,#1456,.T.);
#1826=ORIENTED_EDGE('',*,*,#1457,.F.);
#1827=ORIENTED_EDGE('',*,*,#1458,.F.);
#1828=ORIENTED_EDGE('',*,*,#1419,.T.);
#1829=ORIENTED_EDGE('',*,*,#1458,.T.);
#1830=ORIENTED_EDGE('',*,*,#1459,.F.);
#1831=ORIENTED_EDGE('',*,*,#1427,.F.);
#1832=ORIENTED_EDGE('',*,*,#1392,.F.);
#1833=ORIENTED_EDGE('',*,*,#1460,.F.);
#1834=ORIENTED_EDGE('',*,*,#1461,.F.);
#1835=ORIENTED_EDGE('',*,*,#1398,.F.);
#1836=ORIENTED_EDGE('',*,*,#1399,.F.);
#1837=ORIENTED_EDGE('',*,*,#1461,.T.);
#1838=ORIENTED_EDGE('',*,*,#1462,.F.);
#1839=ORIENTED_EDGE('',*,*,#1463,.F.);
#1840=ORIENTED_EDGE('',*,*,#1400,.F.);
#1841=ORIENTED_EDGE('',*,*,#1463,.T.);
#1842=ORIENTED_EDGE('',*,*,#1464,.F.);
#1843=ORIENTED_EDGE('',*,*,#1465,.F.);
#1844=ORIENTED_EDGE('',*,*,#1401,.F.);
#1845=ORIENTED_EDGE('',*,*,#1465,.T.);
#1846=ORIENTED_EDGE('',*,*,#1466,.F.);
#1847=ORIENTED_EDGE('',*,*,#1467,.F.);
#1848=ORIENTED_EDGE('',*,*,#1402,.T.);
#1849=ORIENTED_EDGE('',*,*,#1467,.T.);
#1850=ORIENTED_EDGE('',*,*,#1468,.F.);
#1851=ORIENTED_EDGE('',*,*,#1441,.F.);
#1852=ORIENTED_EDGE('',*,*,#1439,.F.);
#1853=ORIENTED_EDGE('',*,*,#1469,.F.);
#1854=ORIENTED_EDGE('',*,*,#1445,.F.);
#1855=ORIENTED_EDGE('',*,*,#1405,.T.);
#1856=ORIENTED_EDGE('',*,*,#1408,.T.);
#1857=ORIENTED_EDGE('',*,*,#1447,.T.);
#1858=ORIENTED_EDGE('',*,*,#1470,.F.);
#1859=ORIENTED_EDGE('',*,*,#1471,.F.);
#1860=ORIENTED_EDGE('',*,*,#1409,.T.);
#1861=ORIENTED_EDGE('',*,*,#1471,.T.);
#1862=ORIENTED_EDGE('',*,*,#1472,.F.);
#1863=ORIENTED_EDGE('',*,*,#1473,.F.);
#1864=ORIENTED_EDGE('',*,*,#1410,.T.);
#1865=ORIENTED_EDGE('',*,*,#1473,.T.);
#1866=ORIENTED_EDGE('',*,*,#1474,.F.);
#1867=ORIENTED_EDGE('',*,*,#1436,.F.);
#1868=ORIENTED_EDGE('',*,*,#1430,.F.);
#1869=ORIENTED_EDGE('',*,*,#1475,.F.);
#1870=ORIENTED_EDGE('',*,*,#1476,.F.);
#1871=ORIENTED_EDGE('',*,*,#1415,.T.);
#1872=ORIENTED_EDGE('',*,*,#1416,.T.);
#1873=ORIENTED_EDGE('',*,*,#1476,.T.);
#1874=ORIENTED_EDGE('',*,*,#1477,.F.);
#1875=ORIENTED_EDGE('',*,*,#1454,.F.);
#1876=ORIENTED_EDGE('',*,*,#1391,.F.);
#1877=ORIENTED_EDGE('',*,*,#1397,.T.);
#1878=ORIENTED_EDGE('',*,*,#1425,.F.);
#1879=ORIENTED_EDGE('',*,*,#1428,.T.);
#1880=ORIENTED_EDGE('',*,*,#1459,.T.);
#1881=ORIENTED_EDGE('',*,*,#1457,.T.);
#1882=ORIENTED_EDGE('',*,*,#1455,.T.);
#1883=ORIENTED_EDGE('',*,*,#1477,.T.);
#1884=ORIENTED_EDGE('',*,*,#1475,.T.);
#1885=ORIENTED_EDGE('',*,*,#1429,.F.);
#1886=ORIENTED_EDGE('',*,*,#1433,.T.);
#1887=ORIENTED_EDGE('',*,*,#1434,.F.);
#1888=ORIENTED_EDGE('',*,*,#1437,.T.);
#1889=ORIENTED_EDGE('',*,*,#1474,.T.);
#1890=ORIENTED_EDGE('',*,*,#1472,.T.);
#1891=ORIENTED_EDGE('',*,*,#1470,.T.);
#1892=ORIENTED_EDGE('',*,*,#1446,.T.);
#1893=ORIENTED_EDGE('',*,*,#1443,.F.);
#1894=ORIENTED_EDGE('',*,*,#1469,.T.);
#1895=ORIENTED_EDGE('',*,*,#1438,.F.);
#1896=ORIENTED_EDGE('',*,*,#1442,.T.);
#1897=ORIENTED_EDGE('',*,*,#1468,.T.);
#1898=ORIENTED_EDGE('',*,*,#1466,.T.);
#1899=ORIENTED_EDGE('',*,*,#1464,.T.);
#1900=ORIENTED_EDGE('',*,*,#1462,.T.);
#1901=ORIENTED_EDGE('',*,*,#1460,.T.);
#1902=ORIENTED_EDGE('',*,*,#1448,.T.);
#1903=ORIENTED_EDGE('',*,*,#1450,.T.);
#1904=ORIENTED_EDGE('',*,*,#1452,.T.);
#1905=ORIENTED_EDGE('',*,*,#1478,.F.);
#1906=ORIENTED_EDGE('',*,*,#1479,.T.);
#1907=ORIENTED_EDGE('',*,*,#1480,.F.);
#1908=ORIENTED_EDGE('',*,*,#1479,.F.);
#1909=ORIENTED_EDGE('',*,*,#1481,.F.);
#1910=ORIENTED_EDGE('',*,*,#1482,.T.);
#1911=ORIENTED_EDGE('',*,*,#1483,.F.);
#1912=ORIENTED_EDGE('',*,*,#1482,.F.);
#1913=ORIENTED_EDGE('',*,*,#1484,.F.);
#1914=ORIENTED_EDGE('',*,*,#1485,.T.);
#1915=ORIENTED_EDGE('',*,*,#1486,.T.);
#1916=ORIENTED_EDGE('',*,*,#1485,.F.);
#1917=ORIENTED_EDGE('',*,*,#1486,.F.);
#1918=ORIENTED_EDGE('',*,*,#1481,.T.);
#1919=ORIENTED_EDGE('',*,*,#1487,.F.);
#1920=ORIENTED_EDGE('',*,*,#1488,.T.);
#1921=ORIENTED_EDGE('',*,*,#1489,.F.);
#1922=ORIENTED_EDGE('',*,*,#1488,.F.);
#1923=ORIENTED_EDGE('',*,*,#1490,.F.);
#1924=ORIENTED_EDGE('',*,*,#1491,.T.);
#1925=ORIENTED_EDGE('',*,*,#1492,.T.);
#1926=ORIENTED_EDGE('',*,*,#1491,.F.);
#1927=ORIENTED_EDGE('',*,*,#1492,.F.);
#1928=ORIENTED_EDGE('',*,*,#1487,.T.);
#1929=ORIENTED_EDGE('',*,*,#1493,.F.);
#1930=ORIENTED_EDGE('',*,*,#1494,.T.);
#1931=ORIENTED_EDGE('',*,*,#1495,.F.);
#1932=ORIENTED_EDGE('',*,*,#1494,.F.);
#1933=ORIENTED_EDGE('',*,*,#1480,.T.);
#1934=ORIENTED_EDGE('',*,*,#1483,.T.);
#1935=ORIENTED_EDGE('',*,*,#1489,.T.);
#1936=ORIENTED_EDGE('',*,*,#1496,.F.);
#1937=ORIENTED_EDGE('',*,*,#1497,.T.);
#1938=ORIENTED_EDGE('',*,*,#1498,.F.);
#1939=ORIENTED_EDGE('',*,*,#1497,.F.);
#1940=ORIENTED_EDGE('',*,*,#1496,.T.);
#1941=ORIENTED_EDGE('',*,*,#1493,.T.);
#1942=ORIENTED_EDGE('',*,*,#1499,.T.);
#1943=ORIENTED_EDGE('',*,*,#1500,.T.);
#1944=ORIENTED_EDGE('',*,*,#1501,.T.);
#1945=ORIENTED_EDGE('',*,*,#1502,.T.);
#1946=ORIENTED_EDGE('',*,*,#1503,.T.);
#1947=ORIENTED_EDGE('',*,*,#1504,.T.);
#1948=ORIENTED_EDGE('',*,*,#1505,.T.);
#1949=ORIENTED_EDGE('',*,*,#1506,.T.);
#1950=ORIENTED_EDGE('',*,*,#1507,.T.);
#1951=ORIENTED_EDGE('',*,*,#1508,.T.);
#1952=ORIENTED_EDGE('',*,*,#1509,.T.);
#1953=ORIENTED_EDGE('',*,*,#1510,.T.);
#1954=ORIENTED_EDGE('',*,*,#1498,.T.);
#1955=ORIENTED_EDGE('',*,*,#1511,.F.);
#1956=ORIENTED_EDGE('',*,*,#1512,.T.);
#1957=ORIENTED_EDGE('',*,*,#1510,.F.);
#1958=ORIENTED_EDGE('',*,*,#1513,.F.);
#1959=ORIENTED_EDGE('',*,*,#1514,.F.);
#1960=ORIENTED_EDGE('',*,*,#1513,.T.);
#1961=ORIENTED_EDGE('',*,*,#1509,.F.);
#1962=ORIENTED_EDGE('',*,*,#1515,.F.);
#1963=ORIENTED_EDGE('',*,*,#1484,.T.);
#1964=ORIENTED_EDGE('',*,*,#1516,.F.);
#1965=ORIENTED_EDGE('',*,*,#1515,.T.);
#1966=ORIENTED_EDGE('',*,*,#1508,.F.);
#1967=ORIENTED_EDGE('',*,*,#1517,.F.);
#1968=ORIENTED_EDGE('',*,*,#1518,.F.);
#1969=ORIENTED_EDGE('',*,*,#1517,.T.);
#1970=ORIENTED_EDGE('',*,*,#1507,.F.);
#1971=ORIENTED_EDGE('',*,*,#1519,.F.);
#1972=ORIENTED_EDGE('',*,*,#1490,.T.);
#1973=ORIENTED_EDGE('',*,*,#1520,.F.);
#1974=ORIENTED_EDGE('',*,*,#1519,.T.);
#1975=ORIENTED_EDGE('',*,*,#1506,.F.);
#1976=ORIENTED_EDGE('',*,*,#1521,.F.);
#1977=ORIENTED_EDGE('',*,*,#1522,.T.);
#1978=ORIENTED_EDGE('',*,*,#1521,.T.);
#1979=ORIENTED_EDGE('',*,*,#1505,.F.);
#1980=ORIENTED_EDGE('',*,*,#1523,.F.);
#1981=ORIENTED_EDGE('',*,*,#1524,.T.);
#1982=ORIENTED_EDGE('',*,*,#1523,.T.);
#1983=ORIENTED_EDGE('',*,*,#1504,.F.);
#1984=ORIENTED_EDGE('',*,*,#1525,.F.);
#1985=ORIENTED_EDGE('',*,*,#1526,.T.);
#1986=ORIENTED_EDGE('',*,*,#1525,.T.);
#1987=ORIENTED_EDGE('',*,*,#1503,.F.);
#1988=ORIENTED_EDGE('',*,*,#1527,.F.);
#1989=ORIENTED_EDGE('',*,*,#1528,.T.);
#1990=ORIENTED_EDGE('',*,*,#1527,.T.);
#1991=ORIENTED_EDGE('',*,*,#1502,.F.);
#1992=ORIENTED_EDGE('',*,*,#1529,.F.);
#1993=ORIENTED_EDGE('',*,*,#1478,.T.);
#1994=ORIENTED_EDGE('',*,*,#1530,.T.);
#1995=ORIENTED_EDGE('',*,*,#1529,.T.);
#1996=ORIENTED_EDGE('',*,*,#1501,.F.);
#1997=ORIENTED_EDGE('',*,*,#1531,.F.);
#1998=ORIENTED_EDGE('',*,*,#1532,.T.);
#1999=ORIENTED_EDGE('',*,*,#1531,.T.);
#2000=ORIENTED_EDGE('',*,*,#1500,.F.);
#2001=ORIENTED_EDGE('',*,*,#1533,.F.);
#2002=ORIENTED_EDGE('',*,*,#1534,.T.);
#2003=ORIENTED_EDGE('',*,*,#1533,.T.);
#2004=ORIENTED_EDGE('',*,*,#1499,.F.);
#2005=ORIENTED_EDGE('',*,*,#1512,.F.);
#2006=ORIENTED_EDGE('',*,*,#1534,.F.);
#2007=ORIENTED_EDGE('',*,*,#1511,.T.);
#2008=ORIENTED_EDGE('',*,*,#1514,.T.);
#2009=ORIENTED_EDGE('',*,*,#1516,.T.);
#2010=ORIENTED_EDGE('',*,*,#1518,.T.);
#2011=ORIENTED_EDGE('',*,*,#1520,.T.);
#2012=ORIENTED_EDGE('',*,*,#1522,.F.);
#2013=ORIENTED_EDGE('',*,*,#1524,.F.);
#2014=ORIENTED_EDGE('',*,*,#1526,.F.);
#2015=ORIENTED_EDGE('',*,*,#1528,.F.);
#2016=ORIENTED_EDGE('',*,*,#1530,.F.);
#2017=ORIENTED_EDGE('',*,*,#1532,.F.);
#2018=ORIENTED_EDGE('',*,*,#1495,.T.);
#2019=ORIENTED_EDGE('',*,*,#1535,.F.);
#2020=ORIENTED_EDGE('',*,*,#1536,.T.);
#2021=ORIENTED_EDGE('',*,*,#1537,.F.);
#2022=ORIENTED_EDGE('',*,*,#1536,.F.);
#2023=ORIENTED_EDGE('',*,*,#1538,.F.);
#2024=ORIENTED_EDGE('',*,*,#1539,.T.);
#2025=ORIENTED_EDGE('',*,*,#1540,.T.);
#2026=ORIENTED_EDGE('',*,*,#1539,.F.);
#2027=ORIENTED_EDGE('',*,*,#1538,.T.);
#2028=ORIENTED_EDGE('',*,*,#1535,.T.);
#2029=ORIENTED_EDGE('',*,*,#1540,.F.);
#2030=ORIENTED_EDGE('',*,*,#1537,.T.);
#2031=ORIENTED_EDGE('',*,*,#1541,.T.);
#2032=ORIENTED_EDGE('',*,*,#1542,.T.);
#2033=ORIENTED_EDGE('',*,*,#1543,.T.);
#2034=ORIENTED_EDGE('',*,*,#1542,.F.);
#2035=ORIENTED_EDGE('',*,*,#1544,.T.);
#2036=ORIENTED_EDGE('',*,*,#1545,.T.);
#2037=ORIENTED_EDGE('',*,*,#1546,.F.);
#2038=ORIENTED_EDGE('',*,*,#1545,.F.);
#2039=ORIENTED_EDGE('',*,*,#1544,.F.);
#2040=ORIENTED_EDGE('',*,*,#1541,.F.);
#2041=ORIENTED_EDGE('',*,*,#1546,.T.);
#2042=ORIENTED_EDGE('',*,*,#1543,.F.);
#2043=ORIENTED_EDGE('',*,*,#1547,.F.);
#2044=ORIENTED_EDGE('',*,*,#1548,.T.);
#2045=ORIENTED_EDGE('',*,*,#1549,.F.);
#2046=ORIENTED_EDGE('',*,*,#1548,.F.);
#2047=ORIENTED_EDGE('',*,*,#1550,.F.);
#2048=ORIENTED_EDGE('',*,*,#1551,.F.);
#2049=ORIENTED_EDGE('',*,*,#1552,.F.);
#2050=ORIENTED_EDGE('',*,*,#1553,.F.);
#2051=ORIENTED_EDGE('',*,*,#1554,.F.);
#2052=ORIENTED_EDGE('',*,*,#1555,.F.);
#2053=ORIENTED_EDGE('',*,*,#1556,.T.);
#2054=ORIENTED_EDGE('',*,*,#1551,.T.);
#2055=ORIENTED_EDGE('',*,*,#1557,.T.);
#2056=ORIENTED_EDGE('',*,*,#1558,.F.);
#2057=ORIENTED_EDGE('',*,*,#1559,.F.);
#2058=ORIENTED_EDGE('',*,*,#1552,.T.);
#2059=ORIENTED_EDGE('',*,*,#1559,.T.);
#2060=ORIENTED_EDGE('',*,*,#1560,.F.);
#2061=ORIENTED_EDGE('',*,*,#1561,.F.);
#2062=ORIENTED_EDGE('',*,*,#1553,.T.);
#2063=ORIENTED_EDGE('',*,*,#1561,.T.);
#2064=ORIENTED_EDGE('',*,*,#1562,.F.);
#2065=ORIENTED_EDGE('',*,*,#1563,.F.);
#2066=ORIENTED_EDGE('',*,*,#1554,.T.);
#2067=ORIENTED_EDGE('',*,*,#1563,.T.);
#2068=ORIENTED_EDGE('',*,*,#1564,.F.);
#2069=ORIENTED_EDGE('',*,*,#1565,.F.);
#2070=ORIENTED_EDGE('',*,*,#1555,.T.);
#2071=ORIENTED_EDGE('',*,*,#1565,.T.);
#2072=ORIENTED_EDGE('',*,*,#1566,.F.);
#2073=ORIENTED_EDGE('',*,*,#1567,.F.);
#2074=ORIENTED_EDGE('',*,*,#1550,.T.);
#2075=ORIENTED_EDGE('',*,*,#1567,.T.);
#2076=ORIENTED_EDGE('',*,*,#1568,.F.);
#2077=ORIENTED_EDGE('',*,*,#1557,.F.);
#2078=ORIENTED_EDGE('',*,*,#1568,.T.);
#2079=ORIENTED_EDGE('',*,*,#1566,.T.);
#2080=ORIENTED_EDGE('',*,*,#1564,.T.);
#2081=ORIENTED_EDGE('',*,*,#1562,.T.);
#2082=ORIENTED_EDGE('',*,*,#1560,.T.);
#2083=ORIENTED_EDGE('',*,*,#1558,.T.);
#2084=ORIENTED_EDGE('',*,*,#1547,.T.);
#2085=ORIENTED_EDGE('',*,*,#1556,.F.);
#2086=ORIENTED_EDGE('',*,*,#1569,.T.);
#2087=ORIENTED_EDGE('',*,*,#1570,.T.);
#2088=ORIENTED_EDGE('',*,*,#1569,.F.);
#2089=ORIENTED_EDGE('',*,*,#1570,.F.);
#2090=ORIENTED_EDGE('',*,*,#1549,.T.);
#2091=ORIENTED_EDGE('',*,*,#1571,.F.);
#2092=ORIENTED_EDGE('',*,*,#1572,.T.);
#2093=ORIENTED_EDGE('',*,*,#1573,.F.);
#2094=ORIENTED_EDGE('',*,*,#1572,.F.);
#2095=ORIENTED_EDGE('',*,*,#1574,.F.);
#2096=ORIENTED_EDGE('',*,*,#1575,.F.);
#2097=ORIENTED_EDGE('',*,*,#1576,.F.);
#2098=ORIENTED_EDGE('',*,*,#1577,.F.);
#2099=ORIENTED_EDGE('',*,*,#1578,.F.);
#2100=ORIENTED_EDGE('',*,*,#1579,.F.);
#2101=ORIENTED_EDGE('',*,*,#1580,.T.);
#2102=ORIENTED_EDGE('',*,*,#1575,.T.);
#2103=ORIENTED_EDGE('',*,*,#1581,.T.);
#2104=ORIENTED_EDGE('',*,*,#1582,.F.);
#2105=ORIENTED_EDGE('',*,*,#1583,.F.);
#2106=ORIENTED_EDGE('',*,*,#1576,.T.);
#2107=ORIENTED_EDGE('',*,*,#1583,.T.);
#2108=ORIENTED_EDGE('',*,*,#1584,.F.);
#2109=ORIENTED_EDGE('',*,*,#1585,.F.);
#2110=ORIENTED_EDGE('',*,*,#1577,.T.);
#2111=ORIENTED_EDGE('',*,*,#1585,.T.);
#2112=ORIENTED_EDGE('',*,*,#1586,.F.);
#2113=ORIENTED_EDGE('',*,*,#1587,.F.);
#2114=ORIENTED_EDGE('',*,*,#1578,.T.);
#2115=ORIENTED_EDGE('',*,*,#1587,.T.);
#2116=ORIENTED_EDGE('',*,*,#1588,.F.);
#2117=ORIENTED_EDGE('',*,*,#1589,.F.);
#2118=ORIENTED_EDGE('',*,*,#1579,.T.);
#2119=ORIENTED_EDGE('',*,*,#1589,.T.);
#2120=ORIENTED_EDGE('',*,*,#1590,.F.);
#2121=ORIENTED_EDGE('',*,*,#1591,.F.);
#2122=ORIENTED_EDGE('',*,*,#1574,.T.);
#2123=ORIENTED_EDGE('',*,*,#1591,.T.);
#2124=ORIENTED_EDGE('',*,*,#1592,.F.);
#2125=ORIENTED_EDGE('',*,*,#1581,.F.);
#2126=ORIENTED_EDGE('',*,*,#1592,.T.);
#2127=ORIENTED_EDGE('',*,*,#1590,.T.);
#2128=ORIENTED_EDGE('',*,*,#1588,.T.);
#2129=ORIENTED_EDGE('',*,*,#1586,.T.);
#2130=ORIENTED_EDGE('',*,*,#1584,.T.);
#2131=ORIENTED_EDGE('',*,*,#1582,.T.);
#2132=ORIENTED_EDGE('',*,*,#1571,.T.);
#2133=ORIENTED_EDGE('',*,*,#1580,.F.);
#2134=ORIENTED_EDGE('',*,*,#1593,.T.);
#2135=ORIENTED_EDGE('',*,*,#1594,.T.);
#2136=ORIENTED_EDGE('',*,*,#1593,.F.);
#2137=ORIENTED_EDGE('',*,*,#1594,.F.);
#2138=ORIENTED_EDGE('',*,*,#1573,.T.);
#2139=ORIENTED_EDGE('',*,*,#1595,.F.);
#2140=ORIENTED_EDGE('',*,*,#1596,.T.);
#2141=ORIENTED_EDGE('',*,*,#1597,.T.);
#2142=ORIENTED_EDGE('',*,*,#1596,.F.);
#2143=ORIENTED_EDGE('',*,*,#1595,.T.);
#2144=ORIENTED_EDGE('',*,*,#1597,.F.);
#2145=ORIENTED_EDGE('',*,*,#1598,.T.);
#2146=ORIENTED_EDGE('',*,*,#1599,.T.);
#2147=ORIENTED_EDGE('',*,*,#1600,.F.);
#2148=ORIENTED_EDGE('',*,*,#1599,.F.);
#2149=ORIENTED_EDGE('',*,*,#1601,.T.);
#2150=ORIENTED_EDGE('',*,*,#1602,.T.);
#2151=ORIENTED_EDGE('',*,*,#1603,.F.);
#2152=ORIENTED_EDGE('',*,*,#1602,.F.);
#2153=ORIENTED_EDGE('',*,*,#1604,.F.);
#2154=ORIENTED_EDGE('',*,*,#1605,.T.);
#2155=ORIENTED_EDGE('',*,*,#1606,.T.);
#2156=ORIENTED_EDGE('',*,*,#1605,.F.);
#2157=ORIENTED_EDGE('',*,*,#1607,.F.);
#2158=ORIENTED_EDGE('',*,*,#1606,.F.);
#2159=ORIENTED_EDGE('',*,*,#1608,.F.);
#2160=ORIENTED_EDGE('',*,*,#1601,.F.);
#2161=ORIENTED_EDGE('',*,*,#1608,.T.);
#2162=ORIENTED_EDGE('',*,*,#1609,.T.);
#2163=ORIENTED_EDGE('',*,*,#1607,.T.);
#2164=ORIENTED_EDGE('',*,*,#1609,.F.);
#2165=ORIENTED_EDGE('',*,*,#1604,.T.);
#2166=ORIENTED_EDGE('',*,*,#1600,.T.);
#2167=ORIENTED_EDGE('',*,*,#1603,.T.);
#2168=ORIENTED_EDGE('',*,*,#1598,.F.);
#2169=ORIENTED_EDGE('',*,*,#1610,.T.);
#2170=ORIENTED_EDGE('',*,*,#1611,.F.);
#2171=ORIENTED_EDGE('',*,*,#1612,.T.);
#2172=ORIENTED_EDGE('',*,*,#1613,.F.);
#2173=ORIENTED_EDGE('',*,*,#1614,.T.);
#2174=ORIENTED_EDGE('',*,*,#1611,.T.);
#2175=ORIENTED_EDGE('',*,*,#1614,.F.);
#2176=ORIENTED_EDGE('',*,*,#1613,.T.);
#2177=ORIENTED_EDGE('',*,*,#1615,.F.);
#2178=ORIENTED_EDGE('',*,*,#1616,.T.);
#2179=ORIENTED_EDGE('',*,*,#1612,.F.);
#2180=ORIENTED_EDGE('',*,*,#1617,.T.);
#2181=ORIENTED_EDGE('',*,*,#1615,.T.);
#2182=ORIENTED_EDGE('',*,*,#1617,.F.);
#2183=ORIENTED_EDGE('',*,*,#1610,.F.);
#2184=ORIENTED_EDGE('',*,*,#1618,.T.);
#2185=ORIENTED_EDGE('',*,*,#1619,.F.);
#2186=ORIENTED_EDGE('',*,*,#1618,.F.);
#2187=ORIENTED_EDGE('',*,*,#1616,.F.);
#2188=ORIENTED_EDGE('',*,*,#1620,.T.);
#2189=ORIENTED_EDGE('',*,*,#1621,.T.);
#2190=ORIENTED_EDGE('',*,*,#1620,.F.);
#2191=ORIENTED_EDGE('',*,*,#1621,.F.);
#2192=ORIENTED_EDGE('',*,*,#1619,.T.);
#2193=ORIENTED_EDGE('',*,*,#1622,.T.);
#2194=ORIENTED_EDGE('',*,*,#1623,.T.);
#2195=ORIENTED_EDGE('',*,*,#1624,.T.);
#2196=ORIENTED_EDGE('',*,*,#1625,.T.);
#2197=ORIENTED_EDGE('',*,*,#1626,.T.);
#2198=ORIENTED_EDGE('',*,*,#1627,.T.);
#2199=ORIENTED_EDGE('',*,*,#1628,.T.);
#2200=ORIENTED_EDGE('',*,*,#1629,.T.);
#2201=ORIENTED_EDGE('',*,*,#1630,.F.);
#2202=ORIENTED_EDGE('',*,*,#1625,.F.);
#2203=ORIENTED_EDGE('',*,*,#1631,.F.);
#2204=ORIENTED_EDGE('',*,*,#1627,.F.);
#2205=ORIENTED_EDGE('',*,*,#1632,.F.);
#2206=ORIENTED_EDGE('',*,*,#1629,.F.);
#2207=ORIENTED_EDGE('',*,*,#1633,.F.);
#2208=ORIENTED_EDGE('',*,*,#1623,.F.);
#2209=ORIENTED_EDGE('',*,*,#1634,.F.);
#2210=ORIENTED_EDGE('',*,*,#1635,.T.);
#2211=ORIENTED_EDGE('',*,*,#1636,.F.);
#2212=ORIENTED_EDGE('',*,*,#1635,.F.);
#2213=ORIENTED_EDGE('',*,*,#1637,.F.);
#2214=ORIENTED_EDGE('',*,*,#1638,.T.);
#2215=ORIENTED_EDGE('',*,*,#1639,.F.);
#2216=ORIENTED_EDGE('',*,*,#1638,.F.);
#2217=ORIENTED_EDGE('',*,*,#1640,.F.);
#2218=ORIENTED_EDGE('',*,*,#1641,.T.);
#2219=ORIENTED_EDGE('',*,*,#1642,.F.);
#2220=ORIENTED_EDGE('',*,*,#1641,.F.);
#2221=ORIENTED_EDGE('',*,*,#1632,.T.);
#2222=ORIENTED_EDGE('',*,*,#1622,.F.);
#2223=ORIENTED_EDGE('',*,*,#1630,.T.);
#2224=ORIENTED_EDGE('',*,*,#1626,.F.);
#2225=ORIENTED_EDGE('',*,*,#1642,.T.);
#2226=ORIENTED_EDGE('',*,*,#1639,.T.);
#2227=ORIENTED_EDGE('',*,*,#1636,.T.);
#2228=ORIENTED_EDGE('',*,*,#1633,.T.);
#2229=ORIENTED_EDGE('',*,*,#1628,.F.);
#2230=ORIENTED_EDGE('',*,*,#1631,.T.);
#2231=ORIENTED_EDGE('',*,*,#1624,.F.);
#2232=ORIENTED_EDGE('',*,*,#1640,.T.);
#2233=ORIENTED_EDGE('',*,*,#1637,.T.);
#2234=ORIENTED_EDGE('',*,*,#1634,.T.);
#2235=ORIENTED_EDGE('',*,*,#1643,.F.);
#2236=ORIENTED_EDGE('',*,*,#1644,.T.);
#2237=ORIENTED_EDGE('',*,*,#1645,.F.);
#2238=ORIENTED_EDGE('',*,*,#1644,.F.);
#2239=ORIENTED_EDGE('',*,*,#1643,.T.);
#2240=ORIENTED_EDGE('',*,*,#1646,.T.);
#2241=ORIENTED_EDGE('',*,*,#1647,.T.);
#2242=ORIENTED_EDGE('',*,*,#1648,.T.);
#2243=ORIENTED_EDGE('',*,*,#1649,.T.);
#2244=ORIENTED_EDGE('',*,*,#1650,.F.);
#2245=ORIENTED_EDGE('',*,*,#1647,.F.);
#2246=ORIENTED_EDGE('',*,*,#1651,.T.);
#2247=ORIENTED_EDGE('',*,*,#1652,.F.);
#2248=ORIENTED_EDGE('',*,*,#1653,.F.);
#2249=ORIENTED_EDGE('',*,*,#1645,.T.);
#2250=ORIENTED_EDGE('',*,*,#1648,.F.);
#2251=ORIENTED_EDGE('',*,*,#1653,.T.);
#2252=ORIENTED_EDGE('',*,*,#1654,.F.);
#2253=ORIENTED_EDGE('',*,*,#1655,.F.);
#2254=ORIENTED_EDGE('',*,*,#1649,.F.);
#2255=ORIENTED_EDGE('',*,*,#1655,.T.);
#2256=ORIENTED_EDGE('',*,*,#1656,.F.);
#2257=ORIENTED_EDGE('',*,*,#1657,.F.);
#2258=ORIENTED_EDGE('',*,*,#1646,.F.);
#2259=ORIENTED_EDGE('',*,*,#1657,.T.);
#2260=ORIENTED_EDGE('',*,*,#1658,.F.);
#2261=ORIENTED_EDGE('',*,*,#1651,.F.);
#2262=ORIENTED_EDGE('',*,*,#1658,.T.);
#2263=ORIENTED_EDGE('',*,*,#1656,.T.);
#2264=ORIENTED_EDGE('',*,*,#1654,.T.);
#2265=ORIENTED_EDGE('',*,*,#1652,.T.);
#2266=ORIENTED_EDGE('',*,*,#1650,.T.);
#2267=ORIENTED_EDGE('',*,*,#1659,.T.);
#2268=ORIENTED_EDGE('',*,*,#1660,.T.);
#2269=ORIENTED_EDGE('',*,*,#1659,.F.);
#2270=ORIENTED_EDGE('',*,*,#1660,.F.);
#2271=ORIENTED_EDGE('',*,*,#1661,.F.);
#2272=ORIENTED_EDGE('',*,*,#1662,.T.);
#2273=ORIENTED_EDGE('',*,*,#1663,.T.);
#2274=ORIENTED_EDGE('',*,*,#1662,.F.);
#2275=ORIENTED_EDGE('',*,*,#1661,.T.);
#2276=ORIENTED_EDGE('',*,*,#1663,.F.);
#2277=ORIENTED_EDGE('',*,*,#1664,.F.);
#2278=ORIENTED_EDGE('',*,*,#1665,.T.);
#2279=ORIENTED_EDGE('',*,*,#1666,.T.);
#2280=ORIENTED_EDGE('',*,*,#1665,.F.);
#2281=ORIENTED_EDGE('',*,*,#1667,.T.);
#2282=ORIENTED_EDGE('',*,*,#1668,.T.);
#2283=ORIENTED_EDGE('',*,*,#1669,.F.);
#2284=ORIENTED_EDGE('',*,*,#1670,.F.);
#2285=ORIENTED_EDGE('',*,*,#1671,.T.);
#2286=ORIENTED_EDGE('',*,*,#1670,.T.);
#2287=ORIENTED_EDGE('',*,*,#1672,.F.);
#2288=ORIENTED_EDGE('',*,*,#1673,.F.);
#2289=ORIENTED_EDGE('',*,*,#1674,.T.);
#2290=ORIENTED_EDGE('',*,*,#1673,.T.);
#2291=ORIENTED_EDGE('',*,*,#1675,.F.);
#2292=ORIENTED_EDGE('',*,*,#1676,.F.);
#2293=ORIENTED_EDGE('',*,*,#1677,.T.);
#2294=ORIENTED_EDGE('',*,*,#1676,.T.);
#2295=ORIENTED_EDGE('',*,*,#1678,.F.);
#2296=ORIENTED_EDGE('',*,*,#1679,.F.);
#2297=ORIENTED_EDGE('',*,*,#1680,.T.);
#2298=ORIENTED_EDGE('',*,*,#1679,.T.);
#2299=ORIENTED_EDGE('',*,*,#1681,.F.);
#2300=ORIENTED_EDGE('',*,*,#1682,.F.);
#2301=ORIENTED_EDGE('',*,*,#1683,.T.);
#2302=ORIENTED_EDGE('',*,*,#1682,.T.);
#2303=ORIENTED_EDGE('',*,*,#1684,.F.);
#2304=ORIENTED_EDGE('',*,*,#1668,.F.);
#2305=ORIENTED_EDGE('',*,*,#1684,.T.);
#2306=ORIENTED_EDGE('',*,*,#1681,.T.);
#2307=ORIENTED_EDGE('',*,*,#1678,.T.);
#2308=ORIENTED_EDGE('',*,*,#1675,.T.);
#2309=ORIENTED_EDGE('',*,*,#1672,.T.);
#2310=ORIENTED_EDGE('',*,*,#1669,.T.);
#2311=ORIENTED_EDGE('',*,*,#1664,.T.);
#2312=ORIENTED_EDGE('',*,*,#1683,.F.);
#2313=ORIENTED_EDGE('',*,*,#1667,.F.);
#2314=ORIENTED_EDGE('',*,*,#1671,.F.);
#2315=ORIENTED_EDGE('',*,*,#1674,.F.);
#2316=ORIENTED_EDGE('',*,*,#1677,.F.);
#2317=ORIENTED_EDGE('',*,*,#1680,.F.);
#2318=ORIENTED_EDGE('',*,*,#1666,.F.);
#2319=ORIENTED_EDGE('',*,*,#1685,.F.);
#2320=ORIENTED_EDGE('',*,*,#1686,.T.);
#2321=ORIENTED_EDGE('',*,*,#1687,.T.);
#2322=ORIENTED_EDGE('',*,*,#1686,.F.);
#2323=ORIENTED_EDGE('',*,*,#1685,.T.);
#2324=ORIENTED_EDGE('',*,*,#1687,.F.);
#2325=ORIENTED_EDGE('',*,*,#1688,.T.);
#2326=ORIENTED_EDGE('',*,*,#1689,.T.);
#2327=ORIENTED_EDGE('',*,*,#1690,.T.);
#2328=ORIENTED_EDGE('',*,*,#1691,.T.);
#2329=ORIENTED_EDGE('',*,*,#1689,.F.);
#2330=ORIENTED_EDGE('',*,*,#1691,.F.);
#2331=ORIENTED_EDGE('',*,*,#1692,.T.);
#2332=ORIENTED_EDGE('',*,*,#1693,.T.);
#2333=ORIENTED_EDGE('',*,*,#1692,.F.);
#2334=ORIENTED_EDGE('',*,*,#1690,.F.);
#2335=ORIENTED_EDGE('',*,*,#1688,.F.);
#2336=ORIENTED_EDGE('',*,*,#1693,.F.);
#2337=ORIENTED_EDGE('',*,*,#1694,.T.);
#2338=ORIENTED_EDGE('',*,*,#1694,.F.);
#2339=ORIENTED_EDGE('',*,*,#1695,.T.);
#2340=ORIENTED_EDGE('',*,*,#1696,.T.);
#2341=ORIENTED_EDGE('',*,*,#1695,.F.);
#2342=ORIENTED_EDGE('',*,*,#1696,.F.);
#2343=ORIENTED_EDGE('',*,*,#1697,.T.);
#2344=ORIENTED_EDGE('',*,*,#1697,.F.);
#2345=ORIENTED_EDGE('',*,*,#1698,.T.);
#2346=ORIENTED_EDGE('',*,*,#1699,.T.);
#2347=ORIENTED_EDGE('',*,*,#1698,.F.);
#2348=ORIENTED_EDGE('',*,*,#1699,.F.);
#2349=ORIENTED_EDGE('',*,*,#1700,.T.);
#2350=ORIENTED_EDGE('',*,*,#1700,.F.);
#2351=ORIENTED_EDGE('',*,*,#1701,.T.);
#2352=ORIENTED_EDGE('',*,*,#1702,.T.);
#2353=ORIENTED_EDGE('',*,*,#1701,.F.);
#2354=ORIENTED_EDGE('',*,*,#1702,.F.);
#2355=ORIENTED_EDGE('',*,*,#1703,.T.);
#2356=ORIENTED_EDGE('',*,*,#1704,.T.);
#2357=ORIENTED_EDGE('',*,*,#1705,.F.);
#2358=ORIENTED_EDGE('',*,*,#1704,.F.);
#2359=ORIENTED_EDGE('',*,*,#1703,.F.);
#2360=ORIENTED_EDGE('',*,*,#1706,.T.);
#2361=ORIENTED_EDGE('',*,*,#1707,.T.);
#2362=ORIENTED_EDGE('',*,*,#1706,.F.);
#2363=ORIENTED_EDGE('',*,*,#1707,.F.);
#2364=ORIENTED_EDGE('',*,*,#1708,.F.);
#2365=ORIENTED_EDGE('',*,*,#1709,.T.);
#2366=ORIENTED_EDGE('',*,*,#1705,.T.);
#2367=ORIENTED_EDGE('',*,*,#1709,.F.);
#2368=ORIENTED_EDGE('',*,*,#1708,.T.);
#2369=ORIENTED_EDGE('',*,*,#1710,.T.);
#2370=ORIENTED_EDGE('',*,*,#1711,.T.);
#2371=ORIENTED_EDGE('',*,*,#1712,.F.);
#2372=ORIENTED_EDGE('',*,*,#1711,.F.);
#2373=ORIENTED_EDGE('',*,*,#1710,.F.);
#2374=ORIENTED_EDGE('',*,*,#1713,.T.);
#2375=ORIENTED_EDGE('',*,*,#1714,.T.);
#2376=ORIENTED_EDGE('',*,*,#1713,.F.);
#2377=ORIENTED_EDGE('',*,*,#1714,.F.);
#2378=ORIENTED_EDGE('',*,*,#1715,.F.);
#2379=ORIENTED_EDGE('',*,*,#1716,.T.);
#2380=ORIENTED_EDGE('',*,*,#1712,.T.);
#2381=ORIENTED_EDGE('',*,*,#1716,.F.);
#2382=ORIENTED_EDGE('',*,*,#1715,.T.);
#2383=ORIENTED_EDGE('',*,*,#1717,.T.);
#2384=ORIENTED_EDGE('',*,*,#1718,.T.);
#2385=ORIENTED_EDGE('',*,*,#1719,.F.);
#2386=ORIENTED_EDGE('',*,*,#1718,.F.);
#2387=ORIENTED_EDGE('',*,*,#1717,.F.);
#2388=ORIENTED_EDGE('',*,*,#1720,.T.);
#2389=ORIENTED_EDGE('',*,*,#1721,.T.);
#2390=ORIENTED_EDGE('',*,*,#1720,.F.);
#2391=ORIENTED_EDGE('',*,*,#1721,.F.);
#2392=ORIENTED_EDGE('',*,*,#1722,.F.);
#2393=ORIENTED_EDGE('',*,*,#1723,.T.);
#2394=ORIENTED_EDGE('',*,*,#1719,.T.);
#2395=ORIENTED_EDGE('',*,*,#1723,.F.);
#2396=ORIENTED_EDGE('',*,*,#1722,.T.);
#2397=ORIENTED_EDGE('',*,*,#1724,.T.);
#2398=ORIENTED_EDGE('',*,*,#1725,.T.);
#2399=ORIENTED_EDGE('',*,*,#1726,.F.);
#2400=ORIENTED_EDGE('',*,*,#1725,.F.);
#2401=ORIENTED_EDGE('',*,*,#1724,.F.);
#2402=ORIENTED_EDGE('',*,*,#1727,.T.);
#2403=ORIENTED_EDGE('',*,*,#1728,.T.);
#2404=ORIENTED_EDGE('',*,*,#1727,.F.);
#2405=ORIENTED_EDGE('',*,*,#1728,.F.);
#2406=ORIENTED_EDGE('',*,*,#1729,.F.);
#2407=ORIENTED_EDGE('',*,*,#1730,.T.);
#2408=ORIENTED_EDGE('',*,*,#1726,.T.);
#2409=ORIENTED_EDGE('',*,*,#1730,.F.);
#2410=ORIENTED_EDGE('',*,*,#1729,.T.);
#2411=CYLINDRICAL_SURFACE('',#2676,10.);
#2412=CYLINDRICAL_SURFACE('',#2691,10.);
#2413=CYLINDRICAL_SURFACE('',#2694,10.);
#2414=CYLINDRICAL_SURFACE('',#2697,10.);
#2415=CYLINDRICAL_SURFACE('',#2700,10.);
#2416=CYLINDRICAL_SURFACE('',#2703,10.);
#2417=CYLINDRICAL_SURFACE('',#2706,3.5);
#2418=CYLINDRICAL_SURFACE('',#2708,3.5);
#2419=CYLINDRICAL_SURFACE('',#2710,3.5);
#2420=CYLINDRICAL_SURFACE('',#2719,51.);
#2421=CYLINDRICAL_SURFACE('',#2726,51.);
#2422=CYLINDRICAL_SURFACE('',#2729,9.263);
#2423=CYLINDRICAL_SURFACE('',#2731,5.);
#2424=CYLINDRICAL_SURFACE('',#2733,12.5);
#2425=CYLINDRICAL_SURFACE('',#2737,5.);
#2426=CYLINDRICAL_SURFACE('',#2739,12.5);
#2427=CYLINDRICAL_SURFACE('',#2743,45.);
#2428=CYLINDRICAL_SURFACE('',#2746,47.425);
#2429=CYLINDRICAL_SURFACE('',#2758,51.);
#2430=CYLINDRICAL_SURFACE('',#2765,51.);
#2431=CYLINDRICAL_SURFACE('',#2768,11.763);
#2432=CYLINDRICAL_SURFACE('',#2771,15.);
#2433=CYLINDRICAL_SURFACE('',#2776,11.763);
#2434=CYLINDRICAL_SURFACE('',#2779,15.);
#2435=CYLINDRICAL_SURFACE('',#2784,4.);
#2436=CYLINDRICAL_SURFACE('',#2796,11.925);
#2437=CYLINDRICAL_SURFACE('',#2799,4.);
#2438=CYLINDRICAL_SURFACE('',#2811,11.925);
#2439=CYLINDRICAL_SURFACE('',#2814,51.);
#2440=CYLINDRICAL_SURFACE('',#2819,40.);
#2441=CYLINDRICAL_SURFACE('',#2822,40.);
#2442=CYLINDRICAL_SURFACE('',#2825,46.7631);
#2443=CYLINDRICAL_SURFACE('',#2832,51.);
#2444=CYLINDRICAL_SURFACE('',#2841,37.5);
#2445=CYLINDRICAL_SURFACE('',#2847,12.5);
#2446=CYLINDRICAL_SURFACE('',#2848,5.);
#2447=CYLINDRICAL_SURFACE('',#2850,8.925);
#2448=CYLINDRICAL_SURFACE('',#2857,3.50000005215406);
#2449=CYLINDRICAL_SURFACE('',#2860,3.60555132919089);
#2450=CYLINDRICAL_SURFACE('',#2863,3.53553395861629);
#2451=CYLINDRICAL_SURFACE('',#2868,3.50000000000001);
#2452=CYLINDRICAL_SURFACE('',#2879,4.);
#2453=CYLINDRICAL_SURFACE('',#2882,37.5);
#2454=CYLINDRICAL_SURFACE('',#2887,4.);
#2455=CYLINDRICAL_SURFACE('',#2898,17.5);
#2456=CYLINDRICAL_SURFACE('',#2907,17.5);
#2457=CYLINDRICAL_SURFACE('',#2913,3.53553395861629);
#2458=CYLINDRICAL_SURFACE('',#2918,3.53553395861629);
#2459=CYLINDRICAL_SURFACE('',#2923,3.53553395861629);
#2460=CYLINDRICAL_SURFACE('',#2929,5.);
#2461=CYLINDRICAL_SURFACE('',#2932,5.);
#2462=CYLINDRICAL_SURFACE('',#2938,5.);
#2463=CYLINDRICAL_SURFACE('',#2941,5.);
#2464=CYLINDRICAL_SURFACE('',#2947,5.);
#2465=CYLINDRICAL_SURFACE('',#2950,5.);
#2466=CYLINDRICAL_SURFACE('',#2956,5.);
#2467=CYLINDRICAL_SURFACE('',#2959,5.);
#2468=ADVANCED_FACE('',(#222),#2411,.T.);
#2469=ADVANCED_FACE('',(#223),#111,.T.);
#2470=ADVANCED_FACE('',(#224,#68,#69,#70),#112,.F.);
#2471=ADVANCED_FACE('',(#225),#2412,.T.);
#2472=ADVANCED_FACE('',(#226),#113,.T.);
#2473=ADVANCED_FACE('',(#227),#2413,.T.);
#2474=ADVANCED_FACE('',(#228),#114,.T.);
#2475=ADVANCED_FACE('',(#229),#2414,.T.);
#2476=ADVANCED_FACE('',(#230),#115,.T.);
#2477=ADVANCED_FACE('',(#231),#2415,.T.);
#2478=ADVANCED_FACE('',(#232),#116,.T.);
#2479=ADVANCED_FACE('',(#233),#2416,.T.);
#2480=ADVANCED_FACE('',(#234),#117,.T.);
#2481=ADVANCED_FACE('',(#235),#2417,.F.);
#2482=ADVANCED_FACE('',(#236),#2418,.F.);
#2483=ADVANCED_FACE('',(#237),#2419,.F.);
#2484=ADVANCED_FACE('',(#238),#118,.T.);
#2485=ADVANCED_FACE('',(#239),#119,.T.);
#2486=ADVANCED_FACE('',(#240),#120,.T.);
#2487=ADVANCED_FACE('',(#241),#121,.T.);
#2488=ADVANCED_FACE('',(#242),#122,.T.);
#2489=ADVANCED_FACE('',(#243),#123,.T.);
#2490=ADVANCED_FACE('',(#244),#124,.T.);
#2491=ADVANCED_FACE('',(#245),#2420,.T.);
#2492=ADVANCED_FACE('',(#246),#125,.T.);
#2493=ADVANCED_FACE('',(#247),#126,.T.);
#2494=ADVANCED_FACE('',(#248),#127,.T.);
#2495=ADVANCED_FACE('',(#249),#128,.T.);
#2496=ADVANCED_FACE('',(#250),#129,.T.);
#2497=ADVANCED_FACE('',(#251),#2421,.T.);
#2498=ADVANCED_FACE('',(#252,#71,#72,#73),#130,.T.);
#2499=ADVANCED_FACE('',(#253),#2422,.F.);
#2500=ADVANCED_FACE('',(#254),#2423,.F.);
#2501=ADVANCED_FACE('',(#255),#2424,.F.);
#2502=ADVANCED_FACE('',(#256,#74),#131,.T.);
#2503=ADVANCED_FACE('',(#257),#2425,.F.);
#2504=ADVANCED_FACE('',(#258),#2426,.F.);
#2505=ADVANCED_FACE('',(#259,#75),#132,.T.);
#2506=ADVANCED_FACE('',(#260,#76,#77,#78),#2427,.F.);
#2507=ADVANCED_FACE('',(#261),#2428,.T.);
#2508=ADVANCED_FACE('',(#262,#79),#133,.T.);
#2509=ADVANCED_FACE('',(#263,#80),#134,.T.);
#2510=ADVANCED_FACE('',(#264),#135,.T.);
#2511=ADVANCED_FACE('',(#265,#81),#136,.T.);
#2512=ADVANCED_FACE('',(#266),#137,.T.);
#2513=ADVANCED_FACE('',(#267,#82),#138,.T.);
#2514=ADVANCED_FACE('',(#268),#139,.T.);
#2515=ADVANCED_FACE('',(#269),#2429,.T.);
#2516=ADVANCED_FACE('',(#270),#140,.T.);
#2517=ADVANCED_FACE('',(#271),#141,.T.);
#2518=ADVANCED_FACE('',(#272,#83),#142,.T.);
#2519=ADVANCED_FACE('',(#273),#143,.T.);
#2520=ADVANCED_FACE('',(#274),#144,.T.);
#2521=ADVANCED_FACE('',(#275),#2430,.T.);
#2522=ADVANCED_FACE('',(#276,#84),#145,.F.);
#2523=ADVANCED_FACE('',(#277),#2431,.F.);
#2524=ADVANCED_FACE('',(#278),#2432,.T.);
#2525=ADVANCED_FACE('',(#279,#85),#146,.T.);
#2526=ADVANCED_FACE('',(#280,#86),#147,.F.);
#2527=ADVANCED_FACE('',(#281),#2433,.F.);
#2528=ADVANCED_FACE('',(#282),#2434,.T.);
#2529=ADVANCED_FACE('',(#283,#87),#148,.F.);
#2530=ADVANCED_FACE('',(#284,#88),#149,.T.);
#2531=ADVANCED_FACE('',(#285),#2435,.F.);
#2532=ADVANCED_FACE('',(#286,#89),#150,.F.);
#2533=ADVANCED_FACE('',(#287),#151,.T.);
#2534=ADVANCED_FACE('',(#288),#152,.T.);
#2535=ADVANCED_FACE('',(#289),#153,.T.);
#2536=ADVANCED_FACE('',(#290),#154,.T.);
#2537=ADVANCED_FACE('',(#291),#155,.T.);
#2538=ADVANCED_FACE('',(#292),#156,.T.);
#2539=ADVANCED_FACE('',(#293,#90),#157,.T.);
#2540=ADVANCED_FACE('',(#294),#2436,.T.);
#2541=ADVANCED_FACE('',(#295,#91),#158,.F.);
#2542=ADVANCED_FACE('',(#296),#2437,.F.);
#2543=ADVANCED_FACE('',(#297,#92),#159,.F.);
#2544=ADVANCED_FACE('',(#298),#160,.T.);
#2545=ADVANCED_FACE('',(#299),#161,.T.);
#2546=ADVANCED_FACE('',(#300),#162,.T.);
#2547=ADVANCED_FACE('',(#301),#163,.T.);
#2548=ADVANCED_FACE('',(#302),#164,.T.);
#2549=ADVANCED_FACE('',(#303),#165,.T.);
#2550=ADVANCED_FACE('',(#304,#93),#166,.T.);
#2551=ADVANCED_FACE('',(#305),#2438,.T.);
#2552=ADVANCED_FACE('',(#306,#94),#167,.F.);
#2553=ADVANCED_FACE('',(#307),#2439,.T.);
#2554=ADVANCED_FACE('',(#308),#168,.T.);
#2555=ADVANCED_FACE('',(#309),#169,.F.);
#2556=ADVANCED_FACE('',(#310),#2440,.F.);
#2557=ADVANCED_FACE('',(#311),#2441,.F.);
#2558=ADVANCED_FACE('',(#312),#2442,.F.);
#2559=ADVANCED_FACE('',(#313,#95),#170,.F.);
#2560=ADVANCED_FACE('',(#314,#96),#171,.T.);
#2561=ADVANCED_FACE('',(#315),#2443,.T.);
#2562=ADVANCED_FACE('',(#316,#97),#172,.F.);
#2563=ADVANCED_FACE('',(#317),#173,.T.);
#2564=ADVANCED_FACE('',(#318),#174,.F.);
#2565=ADVANCED_FACE('',(#319),#175,.F.);
#2566=ADVANCED_FACE('',(#320,#98),#176,.F.);
#2567=ADVANCED_FACE('',(#321),#2444,.T.);
#2568=ADVANCED_FACE('',(#322),#177,.T.);
#2569=ADVANCED_FACE('',(#323,#99),#178,.F.);
#2570=ADVANCED_FACE('',(#324),#2445,.T.);
#2571=ADVANCED_FACE('',(#325),#2446,.F.);
#2572=ADVANCED_FACE('',(#326),#2447,.T.);
#2573=ADVANCED_FACE('',(#327,#100),#179,.F.);
#2574=ADVANCED_FACE('',(#328),#180,.T.);
#2575=ADVANCED_FACE('',(#329),#181,.T.);
#2576=ADVANCED_FACE('',(#330),#182,.T.);
#2577=ADVANCED_FACE('',(#331),#183,.T.);
#2578=ADVANCED_FACE('',(#332),#2448,.F.);
#2579=ADVANCED_FACE('',(#333),#2449,.F.);
#2580=ADVANCED_FACE('',(#334),#2450,.F.);
#2581=ADVANCED_FACE('',(#335,#101,#102,#103),#184,.T.);
#2582=ADVANCED_FACE('',(#336,#104,#105,#106),#185,.F.);
#2583=ADVANCED_FACE('',(#337),#2451,.T.);
#2584=ADVANCED_FACE('',(#338),#186,.T.);
#2585=ADVANCED_FACE('',(#339,#107),#187,.F.);
#2586=ADVANCED_FACE('',(#340,#108),#188,.T.);
#2587=ADVANCED_FACE('',(#341),#189,.T.);
#2588=ADVANCED_FACE('',(#342),#190,.T.);
#2589=ADVANCED_FACE('',(#343),#191,.T.);
#2590=ADVANCED_FACE('',(#344),#192,.T.);
#2591=ADVANCED_FACE('',(#345),#2452,.T.);
#2592=ADVANCED_FACE('',(#346),#193,.F.);
#2593=ADVANCED_FACE('',(#347),#2453,.T.);
#2594=ADVANCED_FACE('',(#348),#194,.T.);
#2595=ADVANCED_FACE('',(#349),#195,.F.);
#2596=ADVANCED_FACE('',(#350),#2454,.F.);
#2597=ADVANCED_FACE('',(#351),#196,.T.);
#2598=ADVANCED_FACE('',(#352),#197,.T.);
#2599=ADVANCED_FACE('',(#353),#198,.T.);
#2600=ADVANCED_FACE('',(#354),#199,.T.);
#2601=ADVANCED_FACE('',(#355),#200,.T.);
#2602=ADVANCED_FACE('',(#356),#201,.T.);
#2603=ADVANCED_FACE('',(#357,#109),#202,.T.);
#2604=ADVANCED_FACE('',(#358,#110),#203,.F.);
#2605=ADVANCED_FACE('',(#359),#2455,.T.);
#2606=ADVANCED_FACE('',(#360),#204,.T.);
#2607=ADVANCED_FACE('',(#361),#205,.F.);
#2608=ADVANCED_FACE('',(#362),#13,.F.);
#2609=ADVANCED_FACE('',(#363),#2456,.T.);
#2610=ADVANCED_FACE('',(#364),#206,.T.);
#2611=ADVANCED_FACE('',(#365),#207,.F.);
#2612=ADVANCED_FACE('',(#366),#208,.T.);
#2613=ADVANCED_FACE('',(#367),#2457,.T.);
#2614=ADVANCED_FACE('',(#368),#209,.F.);
#2615=ADVANCED_FACE('',(#369),#210,.T.);
#2616=ADVANCED_FACE('',(#370),#2458,.T.);
#2617=ADVANCED_FACE('',(#371),#211,.F.);
#2618=ADVANCED_FACE('',(#372),#212,.T.);
#2619=ADVANCED_FACE('',(#373),#2459,.T.);
#2620=ADVANCED_FACE('',(#374),#213,.F.);
#2621=ADVANCED_FACE('',(#375),#14,.T.);
#2622=ADVANCED_FACE('',(#376),#2460,.T.);
#2623=ADVANCED_FACE('',(#377),#214,.F.);
#2624=ADVANCED_FACE('',(#378),#2461,.T.);
#2625=ADVANCED_FACE('',(#379),#215,.T.);
#2626=ADVANCED_FACE('',(#380),#15,.T.);
#2627=ADVANCED_FACE('',(#381),#2462,.T.);
#2628=ADVANCED_FACE('',(#382),#216,.F.);
#2629=ADVANCED_FACE('',(#383),#2463,.T.);
#2630=ADVANCED_FACE('',(#384),#217,.T.);
#2631=ADVANCED_FACE('',(#385),#16,.T.);
#2632=ADVANCED_FACE('',(#386),#2464,.T.);
#2633=ADVANCED_FACE('',(#387),#218,.F.);
#2634=ADVANCED_FACE('',(#388),#2465,.T.);
#2635=ADVANCED_FACE('',(#389),#219,.T.);
#2636=ADVANCED_FACE('',(#390),#17,.T.);
#2637=ADVANCED_FACE('',(#391),#2466,.T.);
#2638=ADVANCED_FACE('',(#392),#220,.F.);
#2639=ADVANCED_FACE('',(#393),#2467,.T.);
#2640=ADVANCED_FACE('',(#394),#221,.T.);
#2641=CLOSED_SHELL('',(#2468,#2469,#2470,#2471,#2472,#2473,#2474,#2475,
#2476,#2477,#2478,#2479,#2480,#2481,#2482,#2483,#2484,#2485,#2486,#2487,
#2488,#2489,#2490,#2491,#2492,#2493,#2494,#2495,#2496,#2497,#2498));
#2642=CLOSED_SHELL('',(#2499,#2500,#2501,#2502,#2503,#2504,#2505,#2506,
#2507,#2508,#2509,#2510,#2511,#2512,#2513,#2514,#2515,#2516,#2517,#2518,
#2519,#2520,#2521,#2522));
#2643=CLOSED_SHELL('',(#2523,#2524,#2525,#2526));
#2644=CLOSED_SHELL('',(#2527,#2528,#2529,#2530));
#2645=CLOSED_SHELL('',(#2531,#2532,#2533,#2534,#2535,#2536,#2537,#2538,
#2539,#2540,#2541));
#2646=CLOSED_SHELL('',(#2542,#2543,#2544,#2545,#2546,#2547,#2548,#2549,
#2550,#2551,#2552));
#2647=CLOSED_SHELL('',(#2553,#2554,#2555));
#2648=CLOSED_SHELL('',(#2556,#2557,#2558,#2559,#2560,#2561,#2562,#2563,
#2564));
#2649=CLOSED_SHELL('',(#2565,#2566,#2567,#2568,#2569,#2570,#2571,#2572,
#2573));
#2650=CLOSED_SHELL('',(#2574,#2575,#2576,#2577,#2578,#2579,#2580,#2581,
#2582));
#2651=CLOSED_SHELL('',(#2583,#2584,#2585,#2586,#2587,#2588,#2589,#2590,
#2591,#2592));
#2652=CLOSED_SHELL('',(#2593,#2594,#2595));
#2653=CLOSED_SHELL('',(#2596,#2597,#2598,#2599,#2600,#2601,#2602,#2603,
#2604));
#2654=CLOSED_SHELL('',(#2605,#2606,#2607));
#2655=CLOSED_SHELL('',(#2608,#2609,#2610,#2611));
#2656=CLOSED_SHELL('',(#2612,#2613,#2614));
#2657=CLOSED_SHELL('',(#2615,#2616,#2617));
#2658=CLOSED_SHELL('',(#2618,#2619,#2620));
#2659=CLOSED_SHELL('',(#2621,#2622,#2623,#2624,#2625));
#2660=CLOSED_SHELL('',(#2626,#2627,#2628,#2629,#2630));
#2661=CLOSED_SHELL('',(#2631,#2632,#2633,#2634,#2635));
#2662=CLOSED_SHELL('',(#2636,#2637,#2638,#2639,#2640));
#2663=DERIVED_UNIT_ELEMENT(#2665,1.);
#2664=DERIVED_UNIT_ELEMENT(#4807,-3.);
#2665=(
MASS_UNIT()
NAMED_UNIT(*)
SI_UNIT(.KILO.,.GRAM.)
);
#2666=DERIVED_UNIT((#2663,#2664));
#2667=MEASURE_REPRESENTATION_ITEM('density measure',
POSITIVE_RATIO_MEASURE(7850.),#2666);
#2668=PROPERTY_DEFINITION_REPRESENTATION(#2673,#2670);
#2669=PROPERTY_DEFINITION_REPRESENTATION(#2674,#2671);
#2670=REPRESENTATION('material name',(#2672),#4804);
#2671=REPRESENTATION('density',(#2667),#4804);
#2672=DESCRIPTIVE_REPRESENTATION_ITEM('Steel','Steel');
#2673=PROPERTY_DEFINITION('material property','material name',#4814);
#2674=PROPERTY_DEFINITION('material property','density of part',#4814);
#2675=AXIS2_PLACEMENT_3D('',#3755,#2962,#2963);
#2676=AXIS2_PLACEMENT_3D('',#3756,#2964,#2965);
#2677=AXIS2_PLACEMENT_3D('',#3759,#2966,#2967);
#2678=AXIS2_PLACEMENT_3D('',#3763,#2969,#2970);
#2679=AXIS2_PLACEMENT_3D('',#3765,#2972,#2973);
#2680=AXIS2_PLACEMENT_3D('',#3771,#2977,#2978);
#2681=AXIS2_PLACEMENT_3D('',#3781,#2983,#2984);
#2682=AXIS2_PLACEMENT_3D('',#3785,#2986,#2987);
#2683=AXIS2_PLACEMENT_3D('',#3789,#2989,#2990);
#2684=AXIS2_PLACEMENT_3D('',#3801,#2996,#2997);
#2685=AXIS2_PLACEMENT_3D('',#3805,#2999,#3000);
#2686=AXIS2_PLACEMENT_3D('',#3809,#3002,#3003);
#2687=AXIS2_PLACEMENT_3D('',#3818,#3008,#3009);
#2688=AXIS2_PLACEMENT_3D('',#3820,#3010,#3011);
#2689=AXIS2_PLACEMENT_3D('',#3822,#3012,#3013);
#2690=AXIS2_PLACEMENT_3D('',#3824,#3014,#3015);
#2691=AXIS2_PLACEMENT_3D('',#3825,#3016,#3017);
#2692=AXIS2_PLACEMENT_3D('',#3827,#3018,#3019);
#2693=AXIS2_PLACEMENT_3D('',#3829,#3021,#3022);
#2694=AXIS2_PLACEMENT_3D('',#3833,#3025,#3026);
#2695=AXIS2_PLACEMENT_3D('',#3836,#3027,#3028);
#2696=AXIS2_PLACEMENT_3D('',#3839,#3031,#3032);
#2697=AXIS2_PLACEMENT_3D('',#3843,#3035,#3036);
#2698=AXIS2_PLACEMENT_3D('',#3845,#3037,#3038);
#2699=AXIS2_PLACEMENT_3D('',#3847,#3040,#3041);
#2700=AXIS2_PLACEMENT_3D('',#3851,#3044,#3045);
#2701=AXIS2_PLACEMENT_3D('',#3854,#3046,#3047);
#2702=AXIS2_PLACEMENT_3D('',#3857,#3050,#3051);
#2703=AXIS2_PLACEMENT_3D('',#3861,#3054,#3055);
#2704=AXIS2_PLACEMENT_3D('',#3864,#3056,#3057);
#2705=AXIS2_PLACEMENT_3D('',#3867,#3060,#3061);
#2706=AXIS2_PLACEMENT_3D('',#3871,#3064,#3065);
#2707=AXIS2_PLACEMENT_3D('',#3873,#3066,#3067);
#2708=AXIS2_PLACEMENT_3D('',#3875,#3069,#3070);
#2709=AXIS2_PLACEMENT_3D('',#3877,#3071,#3072);
#2710=AXIS2_PLACEMENT_3D('',#3879,#3074,#3075);
#2711=AXIS2_PLACEMENT_3D('',#3881,#3076,#3077);
#2712=AXIS2_PLACEMENT_3D('',#3883,#3079,#3080);
#2713=AXIS2_PLACEMENT_3D('',#3889,#3084,#3085);
#2714=AXIS2_PLACEMENT_3D('',#3893,#3088,#3089);
#2715=AXIS2_PLACEMENT_3D('',#3895,#3091,#3092);
#2716=AXIS2_PLACEMENT_3D('',#3899,#3095,#3096);
#2717=AXIS2_PLACEMENT_3D('',#3903,#3099,#3100);
#2718=AXIS2_PLACEMENT_3D('',#3907,#3103,#3104);
#2719=AXIS2_PLACEMENT_3D('',#3911,#3107,#3108);
#2720=AXIS2_PLACEMENT_3D('',#3912,#3109,#3110);
#2721=AXIS2_PLACEMENT_3D('',#3913,#3111,#3112);
#2722=AXIS2_PLACEMENT_3D('',#3915,#3114,#3115);
#2723=AXIS2_PLACEMENT_3D('',#3919,#3118,#3119);
#2724=AXIS2_PLACEMENT_3D('',#3923,#3122,#3123);
#2725=AXIS2_PLACEMENT_3D('',#3925,#3125,#3126);
#2726=AXIS2_PLACEMENT_3D('',#3929,#3129,#3130);
#2727=AXIS2_PLACEMENT_3D('',#3930,#3131,#3132);
#2728=AXIS2_PLACEMENT_3D('',#3931,#3133,#3134);
#2729=AXIS2_PLACEMENT_3D('',#3932,#3135,#3136);
#2730=AXIS2_PLACEMENT_3D('',#3934,#3137,#3138);
#2731=AXIS2_PLACEMENT_3D('',#3971,#3140,#3141);
#2732=AXIS2_PLACEMENT_3D('',#3973,#3142,#3143);
#2733=AXIS2_PLACEMENT_3D('',#4014,#3145,#3146);
#2734=AXIS2_PLACEMENT_3D('',#4016,#3147,#3148);
#2735=AXIS2_PLACEMENT_3D('',#4019,#3150,#3151);
#2736=AXIS2_PLACEMENT_3D('',#4020,#3152,#3153);
#2737=AXIS2_PLACEMENT_3D('',#4021,#3154,#3155);
#2738=AXIS2_PLACEMENT_3D('',#4023,#3156,#3157);
#2739=AXIS2_PLACEMENT_3D('',#4064,#3159,#3160);
#2740=AXIS2_PLACEMENT_3D('',#4066,#3161,#3162);
#2741=AXIS2_PLACEMENT_3D('',#4069,#3164,#3165);
#2742=AXIS2_PLACEMENT_3D('',#4070,#3166,#3167);
#2743=AXIS2_PLACEMENT_3D('',#4071,#3168,#3169);
#2744=AXIS2_PLACEMENT_3D('',#4073,#3170,#3171);
#2745=AXIS2_PLACEMENT_3D('',#4076,#3173,#3174);
#2746=AXIS2_PLACEMENT_3D('',#4077,#3175,#3176);
#2747=AXIS2_PLACEMENT_3D('',#4079,#3177,#3178);
#2748=AXIS2_PLACEMENT_3D('',#4082,#3180,#3181);
#2749=AXIS2_PLACEMENT_3D('',#4083,#3182,#3183);
#2750=AXIS2_PLACEMENT_3D('',#4084,#3184,#3185);
#2751=AXIS2_PLACEMENT_3D('',#4087,#3186,#3187);
#2752=AXIS2_PLACEMENT_3D('',#4099,#3193,#3194);
#2753=AXIS2_PLACEMENT_3D('',#4109,#3200,#3201);
#2754=AXIS2_PLACEMENT_3D('',#4115,#3205,#3206);
#2755=AXIS2_PLACEMENT_3D('',#4119,#3209,#3210);
#2756=AXIS2_PLACEMENT_3D('',#4123,#3213,#3214);
#2757=AXIS2_PLACEMENT_3D('',#4127,#3217,#3218);
#2758=AXIS2_PLACEMENT_3D('',#4131,#3221,#3222);
#2759=AXIS2_PLACEMENT_3D('',#4133,#3223,#3224);
#2760=AXIS2_PLACEMENT_3D('',#4135,#3226,#3227);
#2761=AXIS2_PLACEMENT_3D('',#4139,#3230,#3231);
#2762=AXIS2_PLACEMENT_3D('',#4143,#3234,#3235);
#2763=AXIS2_PLACEMENT_3D('',#4147,#3238,#3239);
#2764=AXIS2_PLACEMENT_3D('',#4151,#3242,#3243);
#2765=AXIS2_PLACEMENT_3D('',#4155,#3246,#3247);
#2766=AXIS2_PLACEMENT_3D('',#4156,#3248,#3249);
#2767=AXIS2_PLACEMENT_3D('',#4157,#3250,#3251);
#2768=AXIS2_PLACEMENT_3D('',#4158,#3252,#3253);
#2769=AXIS2_PLACEMENT_3D('',#4160,#3254,#3255);
#2770=AXIS2_PLACEMENT_3D('',#4163,#3257,#3258);
#2771=AXIS2_PLACEMENT_3D('',#4164,#3259,#3260);
#2772=AXIS2_PLACEMENT_3D('',#4166,#3261,#3262);
#2773=AXIS2_PLACEMENT_3D('',#4169,#3264,#3265);
#2774=AXIS2_PLACEMENT_3D('',#4170,#3266,#3267);
#2775=AXIS2_PLACEMENT_3D('',#4171,#3268,#3269);
#2776=AXIS2_PLACEMENT_3D('',#4172,#3270,#3271);
#2777=AXIS2_PLACEMENT_3D('',#4174,#3272,#3273);
#2778=AXIS2_PLACEMENT_3D('',#4177,#3275,#3276);
#2779=AXIS2_PLACEMENT_3D('',#4178,#3277,#3278);
#2780=AXIS2_PLACEMENT_3D('',#4180,#3279,#3280);
#2781=AXIS2_PLACEMENT_3D('',#4183,#3282,#3283);
#2782=AXIS2_PLACEMENT_3D('',#4184,#3284,#3285);
#2783=AXIS2_PLACEMENT_3D('',#4185,#3286,#3287);
#2784=AXIS2_PLACEMENT_3D('',#4186,#3288,#3289);
#2785=AXIS2_PLACEMENT_3D('',#4188,#3290,#3291);
#2786=AXIS2_PLACEMENT_3D('',#4191,#3293,#3294);
#2787=AXIS2_PLACEMENT_3D('',#4192,#3295,#3296);
#2788=AXIS2_PLACEMENT_3D('',#4206,#3303,#3304);
#2789=AXIS2_PLACEMENT_3D('',#4207,#3305,#3306);
#2790=AXIS2_PLACEMENT_3D('',#4213,#3310,#3311);
#2791=AXIS2_PLACEMENT_3D('',#4217,#3314,#3315);
#2792=AXIS2_PLACEMENT_3D('',#4221,#3318,#3319);
#2793=AXIS2_PLACEMENT_3D('',#4225,#3322,#3323);
#2794=AXIS2_PLACEMENT_3D('',#4229,#3326,#3327);
#2795=AXIS2_PLACEMENT_3D('',#4231,#3329,#3330);
#2796=AXIS2_PLACEMENT_3D('',#4232,#3331,#3332);
#2797=AXIS2_PLACEMENT_3D('',#4235,#3334,#3335);
#2798=AXIS2_PLACEMENT_3D('',#4236,#3336,#3337);
#2799=AXIS2_PLACEMENT_3D('',#4237,#3338,#3339);
#2800=AXIS2_PLACEMENT_3D('',#4239,#3340,#3341);
#2801=AXIS2_PLACEMENT_3D('',#4242,#3343,#3344);
#2802=AXIS2_PLACEMENT_3D('',#4243,#3345,#3346);
#2803=AXIS2_PLACEMENT_3D('',#4257,#3353,#3354);
#2804=AXIS2_PLACEMENT_3D('',#4258,#3355,#3356);
#2805=AXIS2_PLACEMENT_3D('',#4264,#3360,#3361);
#2806=AXIS2_PLACEMENT_3D('',#4268,#3364,#3365);
#2807=AXIS2_PLACEMENT_3D('',#4272,#3368,#3369);
#2808=AXIS2_PLACEMENT_3D('',#4276,#3372,#3373);
#2809=AXIS2_PLACEMENT_3D('',#4280,#3376,#3377);
#2810=AXIS2_PLACEMENT_3D('',#4282,#3379,#3380);
#2811=AXIS2_PLACEMENT_3D('',#4283,#3381,#3382);
#2812=AXIS2_PLACEMENT_3D('',#4286,#3384,#3385);
#2813=AXIS2_PLACEMENT_3D('',#4287,#3386,#3387);
#2814=AXIS2_PLACEMENT_3D('',#4288,#3388,#3389);
#2815=AXIS2_PLACEMENT_3D('',#4290,#3390,#3391);
#2816=AXIS2_PLACEMENT_3D('',#4293,#3393,#3394);
#2817=AXIS2_PLACEMENT_3D('',#4294,#3395,#3396);
#2818=AXIS2_PLACEMENT_3D('',#4295,#3397,#3398);
#2819=AXIS2_PLACEMENT_3D('',#4296,#3399,#3400);
#2820=AXIS2_PLACEMENT_3D('',#4298,#3401,#3402);
#2821=AXIS2_PLACEMENT_3D('',#4301,#3404,#3405);
#2822=AXIS2_PLACEMENT_3D('',#4302,#3406,#3407);
#2823=AXIS2_PLACEMENT_3D('',#4304,#3408,#3409);
#2824=AXIS2_PLACEMENT_3D('',#4307,#3411,#3412);
#2825=AXIS2_PLACEMENT_3D('',#4308,#3413,#3414);
#2826=AXIS2_PLACEMENT_3D('',#4310,#3415,#3416);
#2827=AXIS2_PLACEMENT_3D('',#4313,#3418,#3419);
#2828=AXIS2_PLACEMENT_3D('',#4314,#3420,#3421);
#2829=AXIS2_PLACEMENT_3D('',#4316,#3422,#3423);
#2830=AXIS2_PLACEMENT_3D('',#4317,#3424,#3425);
#2831=AXIS2_PLACEMENT_3D('',#4319,#3426,#3427);
#2832=AXIS2_PLACEMENT_3D('',#4320,#3428,#3429);
#2833=AXIS2_PLACEMENT_3D('',#4322,#3431,#3432);
#2834=AXIS2_PLACEMENT_3D('',#4323,#3433,#3434);
#2835=AXIS2_PLACEMENT_3D('',#4324,#3435,#3436);
#2836=AXIS2_PLACEMENT_3D('',#4325,#3437,#3438);
#2837=AXIS2_PLACEMENT_3D('',#4327,#3439,#3440);
#2838=AXIS2_PLACEMENT_3D('',#4328,#3441,#3442);
#2839=AXIS2_PLACEMENT_3D('',#4330,#3443,#3444);
#2840=AXIS2_PLACEMENT_3D('',#4332,#3445,#3446);
#2841=AXIS2_PLACEMENT_3D('',#4333,#3447,#3448);
#2842=AXIS2_PLACEMENT_3D('',#4335,#3449,#3450);
#2843=AXIS2_PLACEMENT_3D('',#4337,#3452,#3453);
#2844=AXIS2_PLACEMENT_3D('',#4338,#3454,#3455);
#2845=AXIS2_PLACEMENT_3D('',#4340,#3456,#3457);
#2846=AXIS2_PLACEMENT_3D('',#4342,#3458,#3459);
#2847=AXIS2_PLACEMENT_3D('',#4343,#3460,#3461);
#2848=AXIS2_PLACEMENT_3D('',#4345,#3463,#3464);
#2849=AXIS2_PLACEMENT_3D('',#4348,#3466,#3467);
#2850=AXIS2_PLACEMENT_3D('',#4349,#3468,#3469);
#2851=AXIS2_PLACEMENT_3D('',#4352,#3471,#3472);
#2852=AXIS2_PLACEMENT_3D('',#4353,#3473,#3474);
#2853=AXIS2_PLACEMENT_3D('',#4354,#3475,#3476);
#2854=AXIS2_PLACEMENT_3D('',#4363,#3481,#3482);
#2855=AXIS2_PLACEMENT_3D('',#4372,#3487,#3488);
#2856=AXIS2_PLACEMENT_3D('',#4375,#3491,#3492);
#2857=AXIS2_PLACEMENT_3D('',#4378,#3495,#3496);
#2858=AXIS2_PLACEMENT_3D('',#4380,#3497,#3498);
#2859=AXIS2_PLACEMENT_3D('',#4383,#3500,#3501);
#2860=AXIS2_PLACEMENT_3D('',#4384,#3502,#3503);
#2861=AXIS2_PLACEMENT_3D('',#4386,#3504,#3505);
#2862=AXIS2_PLACEMENT_3D('',#4389,#3507,#3508);
#2863=AXIS2_PLACEMENT_3D('',#4390,#3509,#3510);
#2864=AXIS2_PLACEMENT_3D('',#4392,#3511,#3512);
#2865=AXIS2_PLACEMENT_3D('',#4395,#3514,#3515);
#2866=AXIS2_PLACEMENT_3D('',#4396,#3516,#3517);
#2867=AXIS2_PLACEMENT_3D('',#4397,#3518,#3519);
#2868=AXIS2_PLACEMENT_3D('',#4398,#3520,#3521);
#2869=AXIS2_PLACEMENT_3D('',#4400,#3522,#3523);
#2870=AXIS2_PLACEMENT_3D('',#4403,#3525,#3526);
#2871=AXIS2_PLACEMENT_3D('',#4404,#3527,#3528);
#2872=AXIS2_PLACEMENT_3D('',#4405,#3529,#3530);
#2873=AXIS2_PLACEMENT_3D('',#4415,#3535,#3536);
#2874=AXIS2_PLACEMENT_3D('',#4416,#3537,#3538);
#2875=AXIS2_PLACEMENT_3D('',#4422,#3542,#3543);
#2876=AXIS2_PLACEMENT_3D('',#4426,#3546,#3547);
#2877=AXIS2_PLACEMENT_3D('',#4430,#3550,#3551);
#2878=AXIS2_PLACEMENT_3D('',#4432,#3553,#3554);
#2879=AXIS2_PLACEMENT_3D('',#4433,#3555,#3556);
#2880=AXIS2_PLACEMENT_3D('',#4436,#3558,#3559);
#2881=AXIS2_PLACEMENT_3D('',#4437,#3560,#3561);
#2882=AXIS2_PLACEMENT_3D('',#4438,#3562,#3563);
#2883=AXIS2_PLACEMENT_3D('',#4440,#3564,#3565);
#2884=AXIS2_PLACEMENT_3D('',#4443,#3567,#3568);
#2885=AXIS2_PLACEMENT_3D('',#4444,#3569,#3570);
#2886=AXIS2_PLACEMENT_3D('',#4445,#3571,#3572);
#2887=AXIS2_PLACEMENT_3D('',#4446,#3573,#3574);
#2888=AXIS2_PLACEMENT_3D('',#4448,#3575,#3576);
#2889=AXIS2_PLACEMENT_3D('',#4451,#3578,#3579);
#2890=AXIS2_PLACEMENT_3D('',#4452,#3580,#3581);
#2891=AXIS2_PLACEMENT_3D('',#4461,#3586,#3587);
#2892=AXIS2_PLACEMENT_3D('',#4467,#3591,#3592);
#2893=AXIS2_PLACEMENT_3D('',#4473,#3596,#3597);
#2894=AXIS2_PLACEMENT_3D('',#4479,#3601,#3602);
#2895=AXIS2_PLACEMENT_3D('',#4485,#3606,#3607);
#2896=AXIS2_PLACEMENT_3D('',#4488,#3610,#3611);
#2897=AXIS2_PLACEMENT_3D('',#4489,#3612,#3613);
#2898=AXIS2_PLACEMENT_3D('',#4490,#3614,#3615);
#2899=AXIS2_PLACEMENT_3D('',#4492,#3616,#3617);
#2900=AXIS2_PLACEMENT_3D('',#4495,#3619,#3620);
#2901=AXIS2_PLACEMENT_3D('',#4496,#3621,#3622);
#2902=AXIS2_PLACEMENT_3D('',#4497,#3623,#3624);
#2903=AXIS2_PLACEMENT_3D('',#4526,#3625,#3626);
#2904=AXIS2_PLACEMENT_3D('',#4528,#3627,#3628);
#2905=AXIS2_PLACEMENT_3D('',#4530,#3629,#3630);
#2906=AXIS2_PLACEMENT_3D('',#4531,#3631,#3632);
#2907=AXIS2_PLACEMENT_3D('',#4532,#3633,#3634);
#2908=AXIS2_PLACEMENT_3D('',#4535,#3636,#3637);
#2909=AXIS2_PLACEMENT_3D('',#4536,#3638,#3639);
#2910=AXIS2_PLACEMENT_3D('',#4537,#3640,#3641);
#2911=AXIS2_PLACEMENT_3D('',#4538,#3642,#3643);
#2912=AXIS2_PLACEMENT_3D('',#4540,#3644,#3645);
#2913=AXIS2_PLACEMENT_3D('',#4541,#3646,#3647);
#2914=AXIS2_PLACEMENT_3D('',#4544,#3649,#3650);
#2915=AXIS2_PLACEMENT_3D('',#4545,#3651,#3652);
#2916=AXIS2_PLACEMENT_3D('',#4546,#3653,#3654);
#2917=AXIS2_PLACEMENT_3D('',#4548,#3655,#3656);
#2918=AXIS2_PLACEMENT_3D('',#4549,#3657,#3658);
#2919=AXIS2_PLACEMENT_3D('',#4552,#3660,#3661);
#2920=AXIS2_PLACEMENT_3D('',#4553,#3662,#3663);
#2921=AXIS2_PLACEMENT_3D('',#4554,#3664,#3665);
#2922=AXIS2_PLACEMENT_3D('',#4556,#3666,#3667);
#2923=AXIS2_PLACEMENT_3D('',#4557,#3668,#3669);
#2924=AXIS2_PLACEMENT_3D('',#4560,#3671,#3672);
#2925=AXIS2_PLACEMENT_3D('',#4561,#3673,#3674);
#2926=AXIS2_PLACEMENT_3D('',#4608,#3675,#3676);
#2927=AXIS2_PLACEMENT_3D('',#4610,#3677,#3678);
#2928=AXIS2_PLACEMENT_3D('',#4611,#3679,#3680);
#2929=AXIS2_PLACEMENT_3D('',#4612,#3681,#3682);
#2930=AXIS2_PLACEMENT_3D('',#4615,#3684,#3685);
#2931=AXIS2_PLACEMENT_3D('',#4616,#3686,#3687);
#2932=AXIS2_PLACEMENT_3D('',#4617,#3688,#3689);
#2933=AXIS2_PLACEMENT_3D('',#4619,#3690,#3691);
#2934=AXIS2_PLACEMENT_3D('',#4621,#3693,#3694);
#2935=AXIS2_PLACEMENT_3D('',#4668,#3695,#3696);
#2936=AXIS2_PLACEMENT_3D('',#4670,#3697,#3698);
#2937=AXIS2_PLACEMENT_3D('',#4671,#3699,#3700);
#2938=AXIS2_PLACEMENT_3D('',#4672,#3701,#3702);
#2939=AXIS2_PLACEMENT_3D('',#4675,#3704,#3705);
#2940=AXIS2_PLACEMENT_3D('',#4676,#3706,#3707);
#2941=AXIS2_PLACEMENT_3D('',#4677,#3708,#3709);
#2942=AXIS2_PLACEMENT_3D('',#4679,#3710,#3711);
#2943=AXIS2_PLACEMENT_3D('',#4681,#3713,#3714);
#2944=AXIS2_PLACEMENT_3D('',#4728,#3715,#3716);
#2945=AXIS2_PLACEMENT_3D('',#4730,#3717,#3718);
#2946=AXIS2_PLACEMENT_3D('',#4731,#3719,#3720);
#2947=AXIS2_PLACEMENT_3D('',#4732,#3721,#3722);
#2948=AXIS2_PLACEMENT_3D('',#4735,#3724,#3725);
#2949=AXIS2_PLACEMENT_3D('',#4736,#3726,#3727);
#2950=AXIS2_PLACEMENT_3D('',#4737,#3728,#3729);
#2951=AXIS2_PLACEMENT_3D('',#4739,#3730,#3731);
#2952=AXIS2_PLACEMENT_3D('',#4741,#3733,#3734);
#2953=AXIS2_PLACEMENT_3D('',#4788,#3735,#3736);
#2954=AXIS2_PLACEMENT_3D('',#4790,#3737,#3738);
#2955=AXIS2_PLACEMENT_3D('',#4791,#3739,#3740);
#2956=AXIS2_PLACEMENT_3D('',#4792,#3741,#3742);
#2957=AXIS2_PLACEMENT_3D('',#4795,#3744,#3745);
#2958=AXIS2_PLACEMENT_3D('',#4796,#3746,#3747);
#2959=AXIS2_PLACEMENT_3D('',#4797,#3748,#3749);
#2960=AXIS2_PLACEMENT_3D('',#4799,#3750,#3751);
#2961=AXIS2_PLACEMENT_3D('',#4801,#3753,#3754);
#2962=DIRECTION('axis',(0.,0.,1.));
#2963=DIRECTION('refdir',(1.,0.,0.));
#2964=DIRECTION('center_axis',(0.,-1.,-2.22044604925031E-16));
#2965=DIRECTION('ref_axis',(0.664826131641435,-1.65866905913425E-16,0.746998135664799));
#2966=DIRECTION('center_axis',(0.,1.,2.22044604925031E-16));
#2967=DIRECTION('ref_axis',(0.664826131641435,-1.65866905913425E-16,0.746998135664799));
#2968=DIRECTION('',(0.,1.,2.22044604925031E-16));
#2969=DIRECTION('center_axis',(0.,-1.,-2.22044604925031E-16));
#2970=DIRECTION('ref_axis',(0.664826131641435,-1.65866905913425E-16,0.746998135664799));
#2971=DIRECTION('',(0.,-1.,-2.22044604925031E-16));
#2972=DIRECTION('center_axis',(0.,-2.22044604925031E-16,1.));
#2973=DIRECTION('ref_axis',(-1.,0.,0.));
#2974=DIRECTION('',(-1.,0.,0.));
#2975=DIRECTION('',(0.,1.,2.22044604925031E-16));
#2976=DIRECTION('',(-1.,0.,0.));
#2977=DIRECTION('center_axis',(0.,-1.,-2.22044604925031E-16));
#2978=DIRECTION('ref_axis',(1.,0.,0.));
#2979=DIRECTION('',(0.116012429373368,2.20545306851513E-16,-0.993247761754785));
#2980=DIRECTION('',(1.,0.,0.));
#2981=DIRECTION('',(0.,2.22044604925031E-16,-1.));
#2982=DIRECTION('',(-1.,0.,0.));
#2983=DIRECTION('center_axis',(0.,-1.,-2.22044604925031E-16));
#2984=DIRECTION('ref_axis',(1.,0.,0.));
#2985=DIRECTION('',(0.870810712442848,1.09161225117094E-16,-0.491618452760654));
#2986=DIRECTION('center_axis',(0.,-1.,-2.22044604925031E-16));
#2987=DIRECTION('ref_axis',(0.863602470110135,-1.11948973805157E-16,0.504173356713416));
#2988=DIRECTION('',(0.,-2.22044604925031E-16,1.));
#2989=DIRECTION('center_axis',(0.,-1.,-2.22044604925031E-16));
#2990=DIRECTION('ref_axis',(0.707106781186547,1.57009245868377E-16,-0.707106781186547));
#2991=DIRECTION('',(1.,0.,0.));
#2992=DIRECTION('',(0.,-2.22044604925031E-16,1.));
#2993=DIRECTION('',(1.,0.,0.));
#2994=DIRECTION('',(0.,2.22044604925031E-16,-1.));
#2995=DIRECTION('',(1.,0.,0.));
#2996=DIRECTION('center_axis',(0.,-1.,-2.22044604925031E-16));
#2997=DIRECTION('ref_axis',(-0.707106781186547,1.57009245868377E-16,-0.707106781186547));
#2998=DIRECTION('',(0.,2.22044604925031E-16,-1.));
#2999=DIRECTION('center_axis',(0.,-1.,-2.22044604925031E-16));
#3000=DIRECTION('ref_axis',(-0.863602470110135,-1.11948973805157E-16,0.504173356713416));
#3001=DIRECTION('',(-0.870810712442849,1.09161225117094E-16,-0.491618452760653));
#3002=DIRECTION('center_axis',(0.,-1.,-2.22044604925031E-16));
#3003=DIRECTION('ref_axis',(1.,0.,0.));
#3004=DIRECTION('',(-1.,0.,0.));
#3005=DIRECTION('',(0.,-2.22044604925031E-16,1.));
#3006=DIRECTION('',(-1.,0.,0.));
#3007=DIRECTION('',(-0.11601243182387,2.20545306787959E-16,-0.993247761468563));
#3008=DIRECTION('center_axis',(0.,-1.,-2.22044604925031E-16));
#3009=DIRECTION('ref_axis',(-0.664826130719954,-1.65866906095527E-16,0.746998136484914));
#3010=DIRECTION('center_axis',(0.,-1.,-2.22044604925031E-16));
#3011=DIRECTION('ref_axis',(-1.,0.,0.));
#3012=DIRECTION('center_axis',(0.,-1.,-2.22044604925031E-16));
#3013=DIRECTION('ref_axis',(-1.,0.,0.));
#3014=DIRECTION('center_axis',(0.,-1.,-2.22044604925031E-16));
#3015=DIRECTION('ref_axis',(-1.,0.,0.));
#3016=DIRECTION('center_axis',(0.,-1.,-2.22044604925031E-16));
#3017=DIRECTION('ref_axis',(-0.664826130719954,-1.65866906095527E-16,0.746998136484914));
#3018=DIRECTION('center_axis',(0.,1.,2.22044604925031E-16));
#3019=DIRECTION('ref_axis',(-0.664826130719954,-1.65866906095527E-16,0.746998136484914));
#3020=DIRECTION('',(0.,-1.,-2.22044604925031E-16));
#3021=DIRECTION('center_axis',(-0.993247761468563,-2.57599345907233E-17,
0.11601243182387));
#3022=DIRECTION('ref_axis',(-0.11601243182387,2.20545306787959E-16,-0.993247761468563));
#3023=DIRECTION('',(0.,-1.,-2.22044604925031E-16));
#3024=DIRECTION('',(-0.11601243182387,2.20545306787959E-16,-0.993247761468563));
#3025=DIRECTION('center_axis',(0.,-1.,-2.22044604925031E-16));
#3026=DIRECTION('ref_axis',(-0.863602470110135,-1.11948973805157E-16,0.504173356713416));
#3027=DIRECTION('center_axis',(0.,1.,2.22044604925031E-16));
#3028=DIRECTION('ref_axis',(-0.863602470110135,-1.11948973805157E-16,0.504173356713416));
#3029=DIRECTION('',(0.,1.,2.22044604925031E-16));
#3030=DIRECTION('',(0.,-1.,-2.22044604925031E-16));
#3031=DIRECTION('center_axis',(-1.,0.,0.));
#3032=DIRECTION('ref_axis',(0.,2.22044604925031E-16,-1.));
#3033=DIRECTION('',(0.,1.,2.22044604925031E-16));
#3034=DIRECTION('',(0.,2.22044604925031E-16,-1.));
#3035=DIRECTION('center_axis',(0.,-1.,-2.22044604925031E-16));
#3036=DIRECTION('ref_axis',(-0.707106781186547,1.57009245868377E-16,-0.707106781186547));
#3037=DIRECTION('center_axis',(0.,1.,2.22044604925031E-16));
#3038=DIRECTION('ref_axis',(-0.707106781186547,1.57009245868377E-16,-0.707106781186547));
#3039=DIRECTION('',(0.,-1.,-2.22044604925031E-16));
#3040=DIRECTION('center_axis',(0.,2.22044604925031E-16,-1.));
#3041=DIRECTION('ref_axis',(1.,0.,0.));
#3042=DIRECTION('',(0.,-1.,-2.22044604925031E-16));
#3043=DIRECTION('',(1.,0.,0.));
#3044=DIRECTION('center_axis',(0.,-1.,-2.22044604925031E-16));
#3045=DIRECTION('ref_axis',(0.863602470110135,-1.11948973805157E-16,0.504173356713416));
#3046=DIRECTION('center_axis',(0.,1.,2.22044604925031E-16));
#3047=DIRECTION('ref_axis',(0.863602470110135,-1.11948973805157E-16,0.504173356713416));
#3048=DIRECTION('',(0.,1.,2.22044604925031E-16));
#3049=DIRECTION('',(0.,-1.,-2.22044604925031E-16));
#3050=DIRECTION('center_axis',(0.491618452760654,-1.93358820608857E-16,
0.870810712442848));
#3051=DIRECTION('ref_axis',(-0.870810712442848,-1.09161225117094E-16,0.491618452760654));
#3052=DIRECTION('',(0.,-1.,-2.22044604925031E-16));
#3053=DIRECTION('',(-0.870810712442848,-1.09161225117094E-16,0.491618452760654));
#3054=DIRECTION('center_axis',(0.,-1.,-2.22044604925031E-16));
#3055=DIRECTION('ref_axis',(0.707106781186547,1.57009245868377E-16,-0.707106781186547));
#3056=DIRECTION('center_axis',(0.,1.,2.22044604925031E-16));
#3057=DIRECTION('ref_axis',(0.707106781186547,1.57009245868377E-16,-0.707106781186547));
#3058=DIRECTION('',(0.,1.,2.22044604925031E-16));
#3059=DIRECTION('',(0.,-1.,-2.22044604925031E-16));
#3060=DIRECTION('center_axis',(0.,2.22044604925031E-16,-1.));
#3061=DIRECTION('ref_axis',(1.,0.,0.));
#3062=DIRECTION('',(1.,0.,0.));
#3063=DIRECTION('',(0.,-1.,-2.22044604925031E-16));
#3064=DIRECTION('center_axis',(0.,1.,2.22044604925031E-16));
#3065=DIRECTION('ref_axis',(-1.,0.,0.));
#3066=DIRECTION('center_axis',(0.,1.,2.22044604925031E-16));
#3067=DIRECTION('ref_axis',(-1.,0.,0.));
#3068=DIRECTION('',(0.,1.,2.22044604925031E-16));
#3069=DIRECTION('center_axis',(0.,1.,2.22044604925031E-16));
#3070=DIRECTION('ref_axis',(-1.,0.,0.));
#3071=DIRECTION('center_axis',(0.,1.,2.22044604925031E-16));
#3072=DIRECTION('ref_axis',(-1.,0.,0.));
#3073=DIRECTION('',(0.,1.,2.22044604925031E-16));
#3074=DIRECTION('center_axis',(0.,1.,2.22044604925031E-16));
#3075=DIRECTION('ref_axis',(-1.,0.,0.));
#3076=DIRECTION('center_axis',(0.,1.,2.22044604925031E-16));
#3077=DIRECTION('ref_axis',(-1.,0.,0.));
#3078=DIRECTION('',(0.,1.,2.22044604925031E-16));
#3079=DIRECTION('center_axis',(0.,2.22044604925031E-16,-1.));
#3080=DIRECTION('ref_axis',(1.,0.,0.));
#3081=DIRECTION('',(0.,-1.,-2.22044604925031E-16));
#3082=DIRECTION('',(1.,0.,0.));
#3083=DIRECTION('',(0.,-1.,-2.22044604925031E-16));
#3084=DIRECTION('center_axis',(-1.,0.,0.));
#3085=DIRECTION('ref_axis',(0.,2.22044604925031E-16,-1.));
#3086=DIRECTION('',(0.,2.22044604925031E-16,-1.));
#3087=DIRECTION('',(0.,-1.,-2.22044604925031E-16));
#3088=DIRECTION('center_axis',(0.,-2.22044604925031E-16,1.));
#3089=DIRECTION('ref_axis',(-1.,0.,0.));
#3090=DIRECTION('',(-1.,0.,0.));
#3091=DIRECTION('center_axis',(0.993247761754785,-2.57599340466025E-17,
0.116012429373368));
#3092=DIRECTION('ref_axis',(-0.116012429373368,-2.20545306851513E-16,0.993247761754785));
#3093=DIRECTION('',(-0.116012429373368,-2.20545306851513E-16,0.993247761754785));
#3094=DIRECTION('',(0.,-1.,-2.22044604925031E-16));
#3095=DIRECTION('center_axis',(0.,-2.22044604925031E-16,1.));
#3096=DIRECTION('ref_axis',(-1.,0.,0.));
#3097=DIRECTION('',(-1.,0.,0.));
#3098=DIRECTION('',(0.,-1.,-2.22044604925031E-16));
#3099=DIRECTION('center_axis',(1.,0.,0.));
#3100=DIRECTION('ref_axis',(0.,-2.22044604925031E-16,1.));
#3101=DIRECTION('',(0.,-2.22044604925031E-16,1.));
#3102=DIRECTION('',(0.,-1.,-2.22044604925031E-16));
#3103=DIRECTION('center_axis',(0.,2.22044604925031E-16,-1.));
#3104=DIRECTION('ref_axis',(1.,0.,0.));
#3105=DIRECTION('',(1.,0.,0.));
#3106=DIRECTION('',(0.,-1.,-2.22044604925031E-16));
#3107=DIRECTION('center_axis',(0.,-1.,-2.22044604925031E-16));
#3108=DIRECTION('ref_axis',(1.,0.,0.));
#3109=DIRECTION('center_axis',(0.,-1.,-2.22044604925031E-16));
#3110=DIRECTION('ref_axis',(1.,0.,0.));
#3111=DIRECTION('center_axis',(1.,0.,0.));
#3112=DIRECTION('ref_axis',(0.,-2.22044604925031E-16,1.));
#3113=DIRECTION('',(0.,-2.22044604925031E-16,1.));
#3114=DIRECTION('center_axis',(1.,0.,0.));
#3115=DIRECTION('ref_axis',(0.,-2.22044604925031E-16,1.));
#3116=DIRECTION('',(0.,-2.22044604925031E-16,1.));
#3117=DIRECTION('',(0.,-1.,-2.22044604925031E-16));
#3118=DIRECTION('center_axis',(0.,2.22044604925031E-16,-1.));
#3119=DIRECTION('ref_axis',(1.,0.,0.));
#3120=DIRECTION('',(1.,0.,0.));
#3121=DIRECTION('',(0.,-1.,-2.22044604925031E-16));
#3122=DIRECTION('center_axis',(-1.,0.,0.));
#3123=DIRECTION('ref_axis',(0.,2.22044604925031E-16,-1.));
#3124=DIRECTION('',(0.,2.22044604925031E-16,-1.));
#3125=DIRECTION('center_axis',(-0.491618452760653,-1.93358820608857E-16,
0.870810712442849));
#3126=DIRECTION('ref_axis',(-0.870810712442849,1.09161225117094E-16,-0.491618452760653));
#3127=DIRECTION('',(-0.870810712442849,1.09161225117094E-16,-0.491618452760653));
#3128=DIRECTION('',(0.,-1.,-2.22044604925031E-16));
#3129=DIRECTION('center_axis',(0.,-1.,-2.22044604925031E-16));
#3130=DIRECTION('ref_axis',(-0.999786747714203,-4.58541783650952E-18,0.0206508860598423));
#3131=DIRECTION('center_axis',(0.,-1.,-2.22044604925031E-16));
#3132=DIRECTION('ref_axis',(1.,0.,0.));
#3133=DIRECTION('center_axis',(0.,-1.,-2.22044604925031E-16));
#3134=DIRECTION('ref_axis',(1.,0.,0.));
#3135=DIRECTION('center_axis',(0.,-2.22044604925031E-16,1.));
#3136=DIRECTION('ref_axis',(1.,0.,0.));
#3137=DIRECTION('center_axis',(0.,-2.22044604925031E-16,1.));
#3138=DIRECTION('ref_axis',(1.,0.,0.));
#3139=DIRECTION('',(0.,-2.22044604925031E-16,1.));
#3140=DIRECTION('center_axis',(1.,0.,0.));
#3141=DIRECTION('ref_axis',(0.,2.22044604925031E-16,-1.));
#3142=DIRECTION('center_axis',(1.,0.,0.));
#3143=DIRECTION('ref_axis',(0.,2.22044604925031E-16,-1.));
#3144=DIRECTION('',(1.,0.,0.));
#3145=DIRECTION('center_axis',(1.,0.,0.));
#3146=DIRECTION('ref_axis',(0.,2.22044604925031E-16,-1.));
#3147=DIRECTION('center_axis',(1.,0.,0.));
#3148=DIRECTION('ref_axis',(0.,2.22044604925031E-16,-1.));
#3149=DIRECTION('',(1.,0.,0.));
#3150=DIRECTION('center_axis',(1.,0.,0.));
#3151=DIRECTION('ref_axis',(0.,2.22044604925031E-16,-1.));
#3152=DIRECTION('center_axis',(-1.,0.,0.));
#3153=DIRECTION('ref_axis',(0.,2.22044604925031E-16,-1.));
#3154=DIRECTION('center_axis',(-1.,0.,0.));
#3155=DIRECTION('ref_axis',(0.,-2.22044604925031E-16,1.));
#3156=DIRECTION('center_axis',(-1.,0.,0.));
#3157=DIRECTION('ref_axis',(0.,-2.22044604925031E-16,1.));
#3158=DIRECTION('',(-1.,0.,0.));
#3159=DIRECTION('center_axis',(-1.,0.,0.));
#3160=DIRECTION('ref_axis',(0.,-2.22044604925031E-16,1.));
#3161=DIRECTION('center_axis',(-1.,0.,0.));
#3162=DIRECTION('ref_axis',(0.,-2.22044604925031E-16,1.));
#3163=DIRECTION('',(-1.,0.,0.));
#3164=DIRECTION('center_axis',(-1.,0.,0.));
#3165=DIRECTION('ref_axis',(0.,-2.22044604925031E-16,1.));
#3166=DIRECTION('center_axis',(1.,0.,0.));
#3167=DIRECTION('ref_axis',(0.,-2.22044604925031E-16,1.));
#3168=DIRECTION('center_axis',(0.,-1.,-2.22044604925031E-16));
#3169=DIRECTION('ref_axis',(-1.,0.,0.));
#3170=DIRECTION('center_axis',(0.,1.,2.22044604925031E-16));
#3171=DIRECTION('ref_axis',(-1.,0.,0.));
#3172=DIRECTION('',(0.,1.,2.22044604925031E-16));
#3173=DIRECTION('center_axis',(0.,-1.,-2.22044604925031E-16));
#3174=DIRECTION('ref_axis',(-1.,0.,0.));
#3175=DIRECTION('center_axis',(0.,-1.,-2.22044604925031E-16));
#3176=DIRECTION('ref_axis',(-1.,0.,0.));
#3177=DIRECTION('center_axis',(0.,1.,2.22044604925031E-16));
#3178=DIRECTION('ref_axis',(-1.,0.,0.));
#3179=DIRECTION('',(0.,1.,2.22044604925031E-16));
#3180=DIRECTION('center_axis',(0.,1.,2.22044604925031E-16));
#3181=DIRECTION('ref_axis',(-1.,0.,0.));
#3182=DIRECTION('center_axis',(0.,-1.,-2.22044604925031E-16));
#3183=DIRECTION('ref_axis',(-1.,0.,0.));
#3184=DIRECTION('center_axis',(0.,-1.,-2.22044604925031E-16));
#3185=DIRECTION('ref_axis',(1.,0.,0.));
#3186=DIRECTION('center_axis',(0.,-1.,-2.22044604925031E-16));
#3187=DIRECTION('ref_axis',(1.,0.,0.));
#3188=DIRECTION('',(-1.,0.,0.));
#3189=DIRECTION('',(0.,2.22044604925031E-16,-1.));
#3190=DIRECTION('',(1.,0.,0.));
#3191=DIRECTION('',(0.,-2.22044604925031E-16,1.));
#3192=DIRECTION('',(-1.,0.,0.));
#3193=DIRECTION('center_axis',(0.,-1.,-2.22044604925031E-16));
#3194=DIRECTION('ref_axis',(1.,0.,0.));
#3195=DIRECTION('',(1.,0.,0.));
#3196=DIRECTION('',(0.,-2.22044604925031E-16,1.));
#3197=DIRECTION('',(-1.,0.,0.));
#3198=DIRECTION('',(0.,2.22044604925031E-16,-1.));
#3199=DIRECTION('',(1.,0.,0.));
#3200=DIRECTION('center_axis',(0.,2.22044604925031E-16,-1.));
#3201=DIRECTION('ref_axis',(1.,0.,0.));
#3202=DIRECTION('',(-1.,0.,0.));
#3203=DIRECTION('',(0.,-1.,-2.22044604925031E-16));
#3204=DIRECTION('',(0.,-1.,-2.22044604925031E-16));
#3205=DIRECTION('center_axis',(-1.,0.,0.));
#3206=DIRECTION('ref_axis',(0.,2.22044604925031E-16,-1.));
#3207=DIRECTION('',(0.,-2.22044604925031E-16,1.));
#3208=DIRECTION('',(0.,-1.,-2.22044604925031E-16));
#3209=DIRECTION('center_axis',(0.,-2.22044604925031E-16,1.));
#3210=DIRECTION('ref_axis',(-1.,0.,0.));
#3211=DIRECTION('',(1.,0.,0.));
#3212=DIRECTION('',(0.,-1.,-2.22044604925031E-16));
#3213=DIRECTION('center_axis',(1.,0.,0.));
#3214=DIRECTION('ref_axis',(0.,-2.22044604925031E-16,1.));
#3215=DIRECTION('',(0.,2.22044604925031E-16,-1.));
#3216=DIRECTION('',(0.,-1.,-2.22044604925031E-16));
#3217=DIRECTION('center_axis',(0.,2.22044604925031E-16,-1.));
#3218=DIRECTION('ref_axis',(1.,0.,0.));
#3219=DIRECTION('',(-1.,0.,0.));
#3220=DIRECTION('',(0.,-1.,-2.22044604925031E-16));
#3221=DIRECTION('center_axis',(0.,-1.,-2.22044604925031E-16));
#3222=DIRECTION('ref_axis',(1.,0.,0.));
#3223=DIRECTION('center_axis',(0.,-1.,-2.22044604925031E-16));
#3224=DIRECTION('ref_axis',(1.,0.,0.));
#3225=DIRECTION('',(0.,-1.,-2.22044604925031E-16));
#3226=DIRECTION('center_axis',(0.,-2.22044604925031E-16,1.));
#3227=DIRECTION('ref_axis',(-1.,0.,0.));
#3228=DIRECTION('',(-1.,0.,0.));
#3229=DIRECTION('',(0.,-1.,-2.22044604925031E-16));
#3230=DIRECTION('center_axis',(1.,0.,0.));
#3231=DIRECTION('ref_axis',(0.,-2.22044604925031E-16,1.));
#3232=DIRECTION('',(0.,-2.22044604925031E-16,1.));
#3233=DIRECTION('',(0.,-1.,-2.22044604925031E-16));
#3234=DIRECTION('center_axis',(0.,2.22044604925031E-16,-1.));
#3235=DIRECTION('ref_axis',(1.,0.,0.));
#3236=DIRECTION('',(1.,0.,0.));
#3237=DIRECTION('',(0.,-1.,-2.22044604925031E-16));
#3238=DIRECTION('center_axis',(-1.,0.,0.));
#3239=DIRECTION('ref_axis',(0.,2.22044604925031E-16,-1.));
#3240=DIRECTION('',(0.,2.22044604925031E-16,-1.));
#3241=DIRECTION('',(0.,-1.,-2.22044604925031E-16));
#3242=DIRECTION('center_axis',(0.,-2.22044604925031E-16,1.));
#3243=DIRECTION('ref_axis',(-1.,0.,0.));
#3244=DIRECTION('',(-1.,0.,0.));
#3245=DIRECTION('',(0.,-1.,-2.22044604925031E-16));
#3246=DIRECTION('center_axis',(0.,-1.,-2.22044604925031E-16));
#3247=DIRECTION('ref_axis',(-0.914659120760047,8.97562117357301E-17,-0.404226041727222));
#3248=DIRECTION('center_axis',(0.,-1.,-2.22044604925031E-16));
#3249=DIRECTION('ref_axis',(1.,0.,0.));
#3250=DIRECTION('center_axis',(0.,-1.,-2.22044604925031E-16));
#3251=DIRECTION('ref_axis',(1.,0.,0.));
#3252=DIRECTION('center_axis',(-1.,0.,0.));
#3253=DIRECTION('ref_axis',(0.,-2.22044604925031E-16,1.));
#3254=DIRECTION('center_axis',(-1.,0.,0.));
#3255=DIRECTION('ref_axis',(0.,-2.22044604925031E-16,1.));
#3256=DIRECTION('',(-1.,0.,0.));
#3257=DIRECTION('center_axis',(-1.,0.,0.));
#3258=DIRECTION('ref_axis',(0.,-2.22044604925031E-16,1.));
#3259=DIRECTION('center_axis',(1.,0.,0.));
#3260=DIRECTION('ref_axis',(0.,-2.22044604925031E-16,1.));
#3261=DIRECTION('center_axis',(1.,0.,0.));
#3262=DIRECTION('ref_axis',(0.,-2.22044604925031E-16,1.));
#3263=DIRECTION('',(-1.,0.,0.));
#3264=DIRECTION('center_axis',(1.,0.,0.));
#3265=DIRECTION('ref_axis',(0.,-2.22044604925031E-16,1.));
#3266=DIRECTION('center_axis',(1.,0.,0.));
#3267=DIRECTION('ref_axis',(0.,-2.22044604925031E-16,1.));
#3268=DIRECTION('center_axis',(1.,0.,0.));
#3269=DIRECTION('ref_axis',(0.,-2.22044604925031E-16,1.));
#3270=DIRECTION('center_axis',(-1.,0.,0.));
#3271=DIRECTION('ref_axis',(0.,-2.22044604925031E-16,1.));
#3272=DIRECTION('center_axis',(1.,0.,0.));
#3273=DIRECTION('ref_axis',(0.,-2.22044604925031E-16,1.));
#3274=DIRECTION('',(1.,0.,0.));
#3275=DIRECTION('center_axis',(1.,0.,0.));
#3276=DIRECTION('ref_axis',(0.,-2.22044604925031E-16,1.));
#3277=DIRECTION('center_axis',(1.,0.,0.));
#3278=DIRECTION('ref_axis',(0.,-2.22044604925031E-16,1.));
#3279=DIRECTION('center_axis',(1.,0.,0.));
#3280=DIRECTION('ref_axis',(0.,-2.22044604925031E-16,1.));
#3281=DIRECTION('',(1.,0.,0.));
#3282=DIRECTION('center_axis',(1.,0.,0.));
#3283=DIRECTION('ref_axis',(0.,-2.22044604925031E-16,1.));
#3284=DIRECTION('center_axis',(1.,0.,0.));
#3285=DIRECTION('ref_axis',(0.,-2.22044604925031E-16,1.));
#3286=DIRECTION('center_axis',(1.,0.,0.));
#3287=DIRECTION('ref_axis',(0.,-2.22044604925031E-16,1.));
#3288=DIRECTION('center_axis',(-1.,0.,0.));
#3289=DIRECTION('ref_axis',(0.,-2.22044604925031E-16,1.));
#3290=DIRECTION('center_axis',(-1.,0.,0.));
#3291=DIRECTION('ref_axis',(0.,-2.22044604925031E-16,1.));
#3292=DIRECTION('',(-1.,0.,0.));
#3293=DIRECTION('center_axis',(1.,0.,0.));
#3294=DIRECTION('ref_axis',(0.,-2.22044604925031E-16,1.));
#3295=DIRECTION('center_axis',(1.,0.,0.));
#3296=DIRECTION('ref_axis',(0.,-2.22044604925031E-16,1.));
#3297=DIRECTION('',(0.,-0.851658316704544,0.524097425664335));
#3298=DIRECTION('',(0.,0.0280525263310682,0.999606450442595));
#3299=DIRECTION('',(0.,0.879710843035612,0.475509024778261));
#3300=DIRECTION('',(0.,0.851658316704544,-0.524097425664335));
#3301=DIRECTION('',(0.,-0.0280525263310682,-0.999606450442595));
#3302=DIRECTION('',(0.,-0.879710843035612,-0.475509024778261));
#3303=DIRECTION('center_axis',(-1.,0.,0.));
#3304=DIRECTION('ref_axis',(0.,-2.22044604925031E-16,1.));
#3305=DIRECTION('center_axis',(0.,0.999606450442595,-0.0280525263310682));
#3306=DIRECTION('ref_axis',(0.,0.0280525263310682,0.999606450442595));
#3307=DIRECTION('',(1.,0.,0.));
#3308=DIRECTION('',(0.,0.0280525263310682,0.999606450442595));
#3309=DIRECTION('',(1.,0.,0.));
#3310=DIRECTION('center_axis',(0.,0.475509024778261,-0.879710843035612));
#3311=DIRECTION('ref_axis',(0.,0.879710843035612,0.475509024778261));
#3312=DIRECTION('',(0.,0.879710843035612,0.475509024778261));
#3313=DIRECTION('',(1.,0.,0.));
#3314=DIRECTION('center_axis',(0.,-0.524097425664335,-0.851658316704544));
#3315=DIRECTION('ref_axis',(0.,0.851658316704544,-0.524097425664335));
#3316=DIRECTION('',(0.,0.851658316704544,-0.524097425664335));
#3317=DIRECTION('',(1.,0.,0.));
#3318=DIRECTION('center_axis',(0.,-0.999606450442595,0.0280525263310682));
#3319=DIRECTION('ref_axis',(0.,-0.0280525263310682,-0.999606450442595));
#3320=DIRECTION('',(0.,-0.0280525263310682,-0.999606450442595));
#3321=DIRECTION('',(1.,0.,0.));
#3322=DIRECTION('center_axis',(0.,-0.475509024778261,0.879710843035612));
#3323=DIRECTION('ref_axis',(0.,-0.879710843035612,-0.475509024778261));
#3324=DIRECTION('',(0.,-0.879710843035612,-0.475509024778261));
#3325=DIRECTION('',(1.,0.,0.));
#3326=DIRECTION('center_axis',(0.,0.524097425664335,0.851658316704544));
#3327=DIRECTION('ref_axis',(0.,-0.851658316704544,0.524097425664335));
#3328=DIRECTION('',(0.,-0.851658316704544,0.524097425664335));
#3329=DIRECTION('center_axis',(1.,0.,0.));
#3330=DIRECTION('ref_axis',(0.,1.,2.22044604925031E-16));
#3331=DIRECTION('center_axis',(1.,0.,0.));
#3332=DIRECTION('ref_axis',(0.,-2.22044604925031E-16,1.));
#3333=DIRECTION('',(-1.,0.,0.));
#3334=DIRECTION('center_axis',(-1.,0.,0.));
#3335=DIRECTION('ref_axis',(0.,-2.22044604925031E-16,1.));
#3336=DIRECTION('center_axis',(1.,0.,0.));
#3337=DIRECTION('ref_axis',(0.,-2.22044604925031E-16,1.));
#3338=DIRECTION('center_axis',(1.,2.71926214689378E-32,-1.22464679914735E-16));
#3339=DIRECTION('ref_axis',(-1.22464679914735E-16,2.22044604925031E-16,
-1.));
#3340=DIRECTION('center_axis',(1.,2.71926214689378E-32,-1.22464679914735E-16));
#3341=DIRECTION('ref_axis',(-1.22464679914735E-16,2.22044604925031E-16,
-1.));
#3342=DIRECTION('',(1.,2.71926214689378E-32,-1.22464679914735E-16));
#3343=DIRECTION('center_axis',(-1.,-2.71926214689378E-32,1.22464679914735E-16));
#3344=DIRECTION('ref_axis',(-1.22464679914735E-16,2.22044604925031E-16,
-1.));
#3345=DIRECTION('center_axis',(-1.,-2.71926214689378E-32,1.22464679914735E-16));
#3346=DIRECTION('ref_axis',(-1.22464679914735E-16,2.22044604925031E-16,
-1.));
#3347=DIRECTION('',(-6.41834234781195E-17,-0.851658316704544,-0.524097425664335));
#3348=DIRECTION('',(-1.22416483994157E-16,0.0280525263310686,-0.999606450442595));
#3349=DIRECTION('',(-5.82330605160376E-17,0.879710843035612,-0.47550902477826));
#3350=DIRECTION('',(6.41834234781195E-17,0.851658316704544,0.524097425664335));
#3351=DIRECTION('',(1.22416483994157E-16,-0.0280525263310686,0.999606450442595));
#3352=DIRECTION('',(5.82330605160376E-17,-0.879710843035612,0.47550902477826));
#3353=DIRECTION('center_axis',(1.,2.71926214689378E-32,-1.22464679914735E-16));
#3354=DIRECTION('ref_axis',(-1.22464679914735E-16,2.22044604925031E-16,
-1.));
#3355=DIRECTION('center_axis',(3.43544365793397E-18,0.999606450442595,0.0280525263310686));
#3356=DIRECTION('ref_axis',(-1.22416483994157E-16,0.0280525263310686,-0.999606450442595));
#3357=DIRECTION('',(-1.,-2.71926214689378E-32,1.22464679914735E-16));
#3358=DIRECTION('',(-1.22416483994157E-16,0.0280525263310686,-0.999606450442595));
#3359=DIRECTION('',(-1.,-2.71926214689378E-32,1.22464679914735E-16));
#3360=DIRECTION('center_axis',(1.07733506809878E-16,0.475509024778261,0.879710843035612));
#3361=DIRECTION('ref_axis',(-5.82330605160376E-17,0.879710843035612,-0.47550902477826));
#3362=DIRECTION('',(-5.82330605160376E-17,0.879710843035612,-0.47550902477826));
#3363=DIRECTION('',(-1.,-2.71926214689378E-32,1.22464679914735E-16));
#3364=DIRECTION('center_axis',(1.04298063151944E-16,-0.524097425664335,
0.851658316704544));
#3365=DIRECTION('ref_axis',(6.41834234781195E-17,0.851658316704544,0.524097425664335));
#3366=DIRECTION('',(6.41834234781195E-17,0.851658316704544,0.524097425664335));
#3367=DIRECTION('',(-1.,-2.71926214689378E-32,1.22464679914735E-16));
#3368=DIRECTION('center_axis',(-3.43544365793397E-18,-0.999606450442595,
-0.0280525263310686));
#3369=DIRECTION('ref_axis',(1.22416483994157E-16,-0.0280525263310686,0.999606450442595));
#3370=DIRECTION('',(1.22416483994157E-16,-0.0280525263310686,0.999606450442595));
#3371=DIRECTION('',(-1.,-2.71926214689378E-32,1.22464679914735E-16));
#3372=DIRECTION('center_axis',(-1.07733506809878E-16,-0.475509024778261,
-0.879710843035612));
#3373=DIRECTION('ref_axis',(5.82330605160376E-17,-0.879710843035612,0.47550902477826));
#3374=DIRECTION('',(5.82330605160376E-17,-0.879710843035612,0.47550902477826));
#3375=DIRECTION('',(-1.,-2.71926214689378E-32,1.22464679914735E-16));
#3376=DIRECTION('center_axis',(-1.04298063151944E-16,0.524097425664335,
-0.851658316704544));
#3377=DIRECTION('ref_axis',(-6.41834234781195E-17,-0.851658316704544,-0.524097425664335));
#3378=DIRECTION('',(-6.41834234781195E-17,-0.851658316704544,-0.524097425664335));
#3379=DIRECTION('center_axis',(-1.,-2.71926214689378E-32,1.22464679914735E-16));
#3380=DIRECTION('ref_axis',(0.,1.,2.22044604925031E-16));
#3381=DIRECTION('center_axis',(-1.,-2.71926214689378E-32,1.22464679914735E-16));
#3382=DIRECTION('ref_axis',(-1.22464679914735E-16,2.22044604925031E-16,
-1.));
#3383=DIRECTION('',(1.,2.71926214689378E-32,-1.22464679914735E-16));
#3384=DIRECTION('center_axis',(1.,2.71926214689378E-32,-1.22464679914735E-16));
#3385=DIRECTION('ref_axis',(-1.22464679914735E-16,2.22044604925031E-16,
-1.));
#3386=DIRECTION('center_axis',(-1.,-2.71926214689378E-32,1.22464679914735E-16));
#3387=DIRECTION('ref_axis',(-1.22464679914735E-16,2.22044604925031E-16,
-1.));
#3388=DIRECTION('center_axis',(0.,-1.,-2.22044604925031E-16));
#3389=DIRECTION('ref_axis',(1.,0.,0.));
#3390=DIRECTION('center_axis',(0.,-1.,-2.22044604925031E-16));
#3391=DIRECTION('ref_axis',(1.,0.,0.));
#3392=DIRECTION('',(0.,1.,2.22044604925031E-16));
#3393=DIRECTION('center_axis',(0.,-1.,-2.22044604925031E-16));
#3394=DIRECTION('ref_axis',(1.,0.,0.));
#3395=DIRECTION('center_axis',(0.,-1.,-2.22044604925031E-16));
#3396=DIRECTION('ref_axis',(1.,0.,0.));
#3397=DIRECTION('center_axis',(0.,-1.,-2.22044604925031E-16));
#3398=DIRECTION('ref_axis',(1.,0.,0.));
#3399=DIRECTION('center_axis',(0.,1.,2.22044604925031E-16));
#3400=DIRECTION('ref_axis',(-1.,0.,0.));
#3401=DIRECTION('center_axis',(0.,-1.,-2.22044604925031E-16));
#3402=DIRECTION('ref_axis',(-1.,0.,0.));
#3403=DIRECTION('',(0.,1.,2.22044604925031E-16));
#3404=DIRECTION('center_axis',(0.,-1.,-2.22044604925031E-16));
#3405=DIRECTION('ref_axis',(-1.,0.,0.));
#3406=DIRECTION('center_axis',(0.,1.,2.22044604925031E-16));
#3407=DIRECTION('ref_axis',(-1.,0.,0.));
#3408=DIRECTION('center_axis',(0.,-1.,-2.22044604925031E-16));
#3409=DIRECTION('ref_axis',(-1.,0.,0.));
#3410=DIRECTION('',(0.,1.,2.22044604925031E-16));
#3411=DIRECTION('center_axis',(0.,-1.,-2.22044604925031E-16));
#3412=DIRECTION('ref_axis',(-1.,0.,0.));
#3413=DIRECTION('center_axis',(0.,-1.,-2.22044604925031E-16));
#3414=DIRECTION('ref_axis',(-1.,0.,0.));
#3415=DIRECTION('center_axis',(0.,1.,2.22044604925031E-16));
#3416=DIRECTION('ref_axis',(-1.,0.,0.));
#3417=DIRECTION('',(0.,1.,2.22044604925031E-16));
#3418=DIRECTION('center_axis',(0.,-1.,-2.22044604925031E-16));
#3419=DIRECTION('ref_axis',(-1.,0.,0.));
#3420=DIRECTION('center_axis',(0.,-1.,-2.22044604925031E-16));
#3421=DIRECTION('ref_axis',(-1.,0.,0.));
#3422=DIRECTION('center_axis',(0.,-1.,-2.22044604925031E-16));
#3423=DIRECTION('ref_axis',(-1.,0.,0.));
#3424=DIRECTION('center_axis',(0.,-1.,-2.22044604925031E-16));
#3425=DIRECTION('ref_axis',(1.,0.,0.));
#3426=DIRECTION('center_axis',(0.,1.,2.22044604925031E-16));
#3427=DIRECTION('ref_axis',(1.,0.,0.));
#3428=DIRECTION('center_axis',(0.,-1.,-2.22044604925031E-16));
#3429=DIRECTION('ref_axis',(1.,0.,0.));
#3430=DIRECTION('',(0.,1.,2.22044604925031E-16));
#3431=DIRECTION('center_axis',(0.,-1.,-2.22044604925031E-16));
#3432=DIRECTION('ref_axis',(1.,0.,0.));
#3433=DIRECTION('center_axis',(0.,-1.,-2.22044604925031E-16));
#3434=DIRECTION('ref_axis',(-1.,0.,0.));
#3435=DIRECTION('center_axis',(0.,-1.,-2.22044604925031E-16));
#3436=DIRECTION('ref_axis',(-1.,0.,0.));
#3437=DIRECTION('center_axis',(0.,2.22044604925031E-16,-1.));
#3438=DIRECTION('ref_axis',(1.,0.,0.));
#3439=DIRECTION('center_axis',(0.,-2.22044604925031E-16,1.));
#3440=DIRECTION('ref_axis',(1.,0.,0.));
#3441=DIRECTION('center_axis',(0.,2.22044604925031E-16,-1.));
#3442=DIRECTION('ref_axis',(1.,0.,0.));
#3443=DIRECTION('center_axis',(0.,2.22044604925031E-16,-1.));
#3444=DIRECTION('ref_axis',(1.,0.,0.));
#3445=DIRECTION('center_axis',(0.,2.22044604925031E-16,-1.));
#3446=DIRECTION('ref_axis',(1.,0.,0.));
#3447=DIRECTION('center_axis',(0.,2.22044604925031E-16,-1.));
#3448=DIRECTION('ref_axis',(1.,0.,0.));
#3449=DIRECTION('center_axis',(0.,2.22044604925031E-16,-1.));
#3450=DIRECTION('ref_axis',(1.,0.,0.));
#3451=DIRECTION('',(0.,-2.22044604925031E-16,1.));
#3452=DIRECTION('center_axis',(0.,2.22044604925031E-16,-1.));
#3453=DIRECTION('ref_axis',(1.,0.,0.));
#3454=DIRECTION('center_axis',(0.,2.22044604925031E-16,-1.));
#3455=DIRECTION('ref_axis',(1.,0.,0.));
#3456=DIRECTION('center_axis',(0.,2.22044604925031E-16,-1.));
#3457=DIRECTION('ref_axis',(1.,0.,0.));
#3458=DIRECTION('center_axis',(0.,-2.22044604925031E-16,1.));
#3459=DIRECTION('ref_axis',(1.,0.,0.));
#3460=DIRECTION('center_axis',(0.,2.22044604925031E-16,-1.));
#3461=DIRECTION('ref_axis',(1.,0.,0.));
#3462=DIRECTION('',(0.,-2.22044604925031E-16,1.));
#3463=DIRECTION('center_axis',(0.,-2.22044604925031E-16,1.));
#3464=DIRECTION('ref_axis',(1.,0.,0.));
#3465=DIRECTION('',(0.,-2.22044604925031E-16,1.));
#3466=DIRECTION('center_axis',(0.,2.22044604925031E-16,-1.));
#3467=DIRECTION('ref_axis',(1.,0.,0.));
#3468=DIRECTION('center_axis',(0.,2.22044604925031E-16,-1.));
#3469=DIRECTION('ref_axis',(1.,0.,0.));
#3470=DIRECTION('',(0.,-2.22044604925031E-16,1.));
#3471=DIRECTION('center_axis',(0.,-2.22044604925031E-16,1.));
#3472=DIRECTION('ref_axis',(1.,0.,0.));
#3473=DIRECTION('center_axis',(0.,2.22044604925031E-16,-1.));
#3474=DIRECTION('ref_axis',(1.,0.,0.));
#3475=DIRECTION('center_axis',(-1.,0.,0.));
#3476=DIRECTION('ref_axis',(0.,-1.,-2.22044604925031E-16));
#3477=DIRECTION('',(0.,-2.22044604925031E-16,1.));
#3478=DIRECTION('',(0.,1.,2.22044604925031E-16));
#3479=DIRECTION('',(0.,2.22044604925031E-16,-1.));
#3480=DIRECTION('',(0.,-1.,-2.22044604925031E-16));
#3481=DIRECTION('center_axis',(1.,0.,0.));
#3482=DIRECTION('ref_axis',(0.,1.,2.22044604925031E-16));
#3483=DIRECTION('',(0.,2.22044604925031E-16,-1.));
#3484=DIRECTION('',(0.,1.,2.22044604925031E-16));
#3485=DIRECTION('',(0.,-2.22044604925031E-16,1.));
#3486=DIRECTION('',(0.,-1.,-2.22044604925031E-16));
#3487=DIRECTION('center_axis',(0.,2.22044604925031E-16,-1.));
#3488=DIRECTION('ref_axis',(0.,1.,2.22044604925031E-16));
#3489=DIRECTION('',(1.,0.,0.));
#3490=DIRECTION('',(-1.,0.,0.));
#3491=DIRECTION('center_axis',(0.,-2.22044604925031E-16,1.));
#3492=DIRECTION('ref_axis',(0.,-1.,-2.22044604925031E-16));
#3493=DIRECTION('',(-1.,0.,0.));
#3494=DIRECTION('',(1.,0.,0.));
#3495=DIRECTION('center_axis',(0.,1.,2.22044604925031E-16));
#3496=DIRECTION('ref_axis',(1.,0.,0.));
#3497=DIRECTION('center_axis',(0.,-1.,-2.22044604925031E-16));
#3498=DIRECTION('ref_axis',(1.,0.,0.));
#3499=DIRECTION('',(0.,-1.,-2.22044604925031E-16));
#3500=DIRECTION('center_axis',(0.,1.,2.22044604925031E-16));
#3501=DIRECTION('ref_axis',(1.,0.,0.));
#3502=DIRECTION('center_axis',(0.,1.,2.22044604925031E-16));
#3503=DIRECTION('ref_axis',(1.,0.,0.));
#3504=DIRECTION('center_axis',(0.,-1.,-2.22044604925031E-16));
#3505=DIRECTION('ref_axis',(1.,0.,0.));
#3506=DIRECTION('',(0.,-1.,-2.22044604925031E-16));
#3507=DIRECTION('center_axis',(0.,1.,2.22044604925031E-16));
#3508=DIRECTION('ref_axis',(1.,0.,0.));
#3509=DIRECTION('center_axis',(0.,1.,2.22044604925031E-16));
#3510=DIRECTION('ref_axis',(1.,0.,0.));
#3511=DIRECTION('center_axis',(0.,-1.,-2.22044604925031E-16));
#3512=DIRECTION('ref_axis',(1.,0.,0.));
#3513=DIRECTION('',(0.,-1.,-2.22044604925031E-16));
#3514=DIRECTION('center_axis',(0.,1.,2.22044604925031E-16));
#3515=DIRECTION('ref_axis',(1.,0.,0.));
#3516=DIRECTION('center_axis',(0.,-1.,-2.22044604925031E-16));
#3517=DIRECTION('ref_axis',(1.,0.,0.));
#3518=DIRECTION('center_axis',(0.,-1.,-2.22044604925031E-16));
#3519=DIRECTION('ref_axis',(1.,0.,0.));
#3520=DIRECTION('center_axis',(0.,-2.22044604925031E-16,1.));
#3521=DIRECTION('ref_axis',(1.,-1.22464679914735E-16,-2.71926214689378E-32));
#3522=DIRECTION('center_axis',(0.,-2.22044604925031E-16,1.));
#3523=DIRECTION('ref_axis',(1.,-1.22464679914735E-16,-2.71926214689378E-32));
#3524=DIRECTION('',(0.,2.22044604925031E-16,-1.));
#3525=DIRECTION('center_axis',(0.,2.22044604925031E-16,-1.));
#3526=DIRECTION('ref_axis',(1.,-1.22464679914735E-16,-2.71926214689378E-32));
#3527=DIRECTION('center_axis',(0.,-2.22044604925031E-16,1.));
#3528=DIRECTION('ref_axis',(1.,-1.22464679914735E-16,-2.71926214689378E-32));
#3529=DIRECTION('center_axis',(-1.,1.22464679914735E-16,2.71926214689378E-32));
#3530=DIRECTION('ref_axis',(0.,-2.22044604925031E-16,1.));
#3531=DIRECTION('',(0.,-2.22044604925031E-16,1.));
#3532=DIRECTION('',(-1.22464679914735E-16,-1.,-2.22044604925031E-16));
#3533=DIRECTION('',(0.,2.22044604925031E-16,-1.));
#3534=DIRECTION('',(1.22464679914735E-16,1.,2.22044604925031E-16));
#3535=DIRECTION('center_axis',(1.,-1.22464679914735E-16,-2.71926214689378E-32));
#3536=DIRECTION('ref_axis',(0.,-2.22044604925031E-16,1.));
#3537=DIRECTION('center_axis',(0.,-2.22044604925031E-16,1.));
#3538=DIRECTION('ref_axis',(1.22464679914735E-16,1.,2.22044604925031E-16));
#3539=DIRECTION('',(-1.,1.22464679914735E-16,2.71926214689378E-32));
#3540=DIRECTION('',(1.22464679914735E-16,1.,2.22044604925031E-16));
#3541=DIRECTION('',(-1.,1.22464679914735E-16,2.71926214689378E-32));
#3542=DIRECTION('center_axis',(-1.22464679914735E-16,-1.,-2.22044604925031E-16));
#3543=DIRECTION('ref_axis',(0.,-2.22044604925031E-16,1.));
#3544=DIRECTION('',(0.,-2.22044604925031E-16,1.));
#3545=DIRECTION('',(-1.,1.22464679914735E-16,2.71926214689378E-32));
#3546=DIRECTION('center_axis',(0.,2.22044604925031E-16,-1.));
#3547=DIRECTION('ref_axis',(-1.22464679914735E-16,-1.,-2.22044604925031E-16));
#3548=DIRECTION('',(-1.22464679914735E-16,-1.,-2.22044604925031E-16));
#3549=DIRECTION('',(-1.,1.22464679914735E-16,2.71926214689378E-32));
#3550=DIRECTION('center_axis',(1.22464679914735E-16,1.,2.22044604925031E-16));
#3551=DIRECTION('ref_axis',(0.,2.22044604925031E-16,-1.));
#3552=DIRECTION('',(0.,2.22044604925031E-16,-1.));
#3553=DIRECTION('center_axis',(-1.,1.22464679914735E-16,2.71926214689378E-32));
#3554=DIRECTION('ref_axis',(-1.22464679914735E-16,-1.,-2.22044604925031E-16));
#3555=DIRECTION('center_axis',(-1.,1.22464679914735E-16,2.71926214689378E-32));
#3556=DIRECTION('ref_axis',(0.,-2.22044604925031E-16,1.));
#3557=DIRECTION('',(1.,-1.22464679914735E-16,-2.71926214689378E-32));
#3558=DIRECTION('center_axis',(-1.,1.22464679914735E-16,2.71926214689378E-32));
#3559=DIRECTION('ref_axis',(0.,-2.22044604925031E-16,1.));
#3560=DIRECTION('center_axis',(-1.,1.22464679914735E-16,2.71926214689378E-32));
#3561=DIRECTION('ref_axis',(0.,-2.22044604925031E-16,1.));
#3562=DIRECTION('center_axis',(0.,2.22044604925031E-16,-1.));
#3563=DIRECTION('ref_axis',(1.,0.,0.));
#3564=DIRECTION('center_axis',(0.,2.22044604925031E-16,-1.));
#3565=DIRECTION('ref_axis',(1.,0.,0.));
#3566=DIRECTION('',(0.,-2.22044604925031E-16,1.));
#3567=DIRECTION('center_axis',(0.,2.22044604925031E-16,-1.));
#3568=DIRECTION('ref_axis',(1.,0.,0.));
#3569=DIRECTION('center_axis',(0.,2.22044604925031E-16,-1.));
#3570=DIRECTION('ref_axis',(1.,0.,0.));
#3571=DIRECTION('center_axis',(0.,2.22044604925031E-16,-1.));
#3572=DIRECTION('ref_axis',(1.,0.,0.));
#3573=DIRECTION('center_axis',(1.,0.,0.));
#3574=DIRECTION('ref_axis',(0.,-2.22044604925031E-16,1.));
#3575=DIRECTION('center_axis',(-1.,0.,0.));
#3576=DIRECTION('ref_axis',(0.,-2.22044604925031E-16,1.));
#3577=DIRECTION('',(-1.,0.,0.));
#3578=DIRECTION('center_axis',(-1.,0.,0.));
#3579=DIRECTION('ref_axis',(0.,-2.22044604925031E-16,1.));
#3580=DIRECTION('center_axis',(0.,0.475509024778261,-0.879710843035612));
#3581=DIRECTION('ref_axis',(0.,0.879710843035612,0.475509024778261));
#3582=DIRECTION('',(0.,0.879710843035612,0.475509024778261));
#3583=DIRECTION('',(1.,0.,0.));
#3584=DIRECTION('',(0.,0.879710843035612,0.475509024778261));
#3585=DIRECTION('',(1.,0.,0.));
#3586=DIRECTION('center_axis',(0.,-0.524097425664335,-0.851658316704544));
#3587=DIRECTION('ref_axis',(0.,0.851658316704544,-0.524097425664335));
#3588=DIRECTION('',(0.,0.851658316704544,-0.524097425664335));
#3589=DIRECTION('',(0.,0.851658316704544,-0.524097425664335));
#3590=DIRECTION('',(1.,0.,0.));
#3591=DIRECTION('center_axis',(0.,-0.999606450442595,0.0280525263310682));
#3592=DIRECTION('ref_axis',(0.,-0.0280525263310682,-0.999606450442595));
#3593=DIRECTION('',(0.,-0.0280525263310682,-0.999606450442595));
#3594=DIRECTION('',(0.,-0.0280525263310682,-0.999606450442595));
#3595=DIRECTION('',(1.,0.,0.));
#3596=DIRECTION('center_axis',(0.,-0.47550902477826,0.879710843035613));
#3597=DIRECTION('ref_axis',(0.,-0.879710843035613,-0.47550902477826));
#3598=DIRECTION('',(0.,-0.879710843035613,-0.47550902477826));
#3599=DIRECTION('',(0.,-0.879710843035613,-0.47550902477826));
#3600=DIRECTION('',(1.,0.,0.));
#3601=DIRECTION('center_axis',(0.,0.524097425664333,0.851658316704545));
#3602=DIRECTION('ref_axis',(0.,-0.851658316704545,0.524097425664333));
#3603=DIRECTION('',(0.,-0.851658316704545,0.524097425664333));
#3604=DIRECTION('',(0.,-0.851658316704545,0.524097425664333));
#3605=DIRECTION('',(1.,0.,0.));
#3606=DIRECTION('center_axis',(0.,0.999606450442595,-0.0280525263310681));
#3607=DIRECTION('ref_axis',(0.,0.0280525263310681,0.999606450442595));
#3608=DIRECTION('',(0.,0.0280525263310681,0.999606450442595));
#3609=DIRECTION('',(0.,0.0280525263310681,0.999606450442595));
#3610=DIRECTION('center_axis',(1.,0.,0.));
#3611=DIRECTION('ref_axis',(0.,-2.22044604925031E-16,1.));
#3612=DIRECTION('center_axis',(1.,0.,0.));
#3613=DIRECTION('ref_axis',(0.,-2.22044604925031E-16,1.));
#3614=DIRECTION('center_axis',(0.,-2.22044604925031E-16,1.));
#3615=DIRECTION('ref_axis',(1.,0.,0.));
#3616=DIRECTION('center_axis',(0.,-2.22044604925031E-16,1.));
#3617=DIRECTION('ref_axis',(1.,0.,0.));
#3618=DIRECTION('',(0.,2.22044604925031E-16,-1.));
#3619=DIRECTION('center_axis',(0.,-2.22044604925031E-16,1.));
#3620=DIRECTION('ref_axis',(1.,0.,0.));
#3621=DIRECTION('center_axis',(0.,-2.22044604925031E-16,1.));
#3622=DIRECTION('ref_axis',(1.,0.,0.));
#3623=DIRECTION('center_axis',(0.,-2.22044604925031E-16,1.));
#3624=DIRECTION('ref_axis',(1.,0.,0.));
#3625=DIRECTION('center_axis',(0.,2.22044604925031E-16,-1.));
#3626=DIRECTION('ref_axis',(1.,0.,0.));
#3627=DIRECTION('center_axis',(-1.,0.,0.));
#3628=DIRECTION('ref_axis',(0.,1.,2.53765262771464E-16));
#3629=DIRECTION('center_axis',(0.,-2.22044604925031E-16,1.));
#3630=DIRECTION('ref_axis',(1.,0.,0.));
#3631=DIRECTION('center_axis',(0.,-2.22044604925031E-16,1.));
#3632=DIRECTION('ref_axis',(1.,0.,0.));
#3633=DIRECTION('center_axis',(0.,-2.22044604925031E-16,1.));
#3634=DIRECTION('ref_axis',(1.,0.,0.));
#3635=DIRECTION('',(0.,2.22044604925031E-16,-1.));
#3636=DIRECTION('center_axis',(0.,-2.22044604925031E-16,1.));
#3637=DIRECTION('ref_axis',(1.,0.,0.));
#3638=DIRECTION('center_axis',(0.,-2.22044604925031E-16,1.));
#3639=DIRECTION('ref_axis',(1.,0.,0.));
#3640=DIRECTION('center_axis',(0.,-2.22044604925031E-16,1.));
#3641=DIRECTION('ref_axis',(1.,0.,0.));
#3642=DIRECTION('center_axis',(0.,-1.,-2.22044604925031E-16));
#3643=DIRECTION('ref_axis',(-1.,0.,0.));
#3644=DIRECTION('center_axis',(0.,-1.,-2.22044604925031E-16));
#3645=DIRECTION('ref_axis',(-1.,0.,0.));
#3646=DIRECTION('center_axis',(0.,-1.,-2.22044604925031E-16));
#3647=DIRECTION('ref_axis',(-1.,0.,0.));
#3648=DIRECTION('',(0.,1.,2.22044604925031E-16));
#3649=DIRECTION('center_axis',(0.,-1.,-2.22044604925031E-16));
#3650=DIRECTION('ref_axis',(-1.,0.,0.));
#3651=DIRECTION('center_axis',(0.,-1.,-2.22044604925031E-16));
#3652=DIRECTION('ref_axis',(-1.,0.,0.));
#3653=DIRECTION('center_axis',(0.,-1.,-2.22044604925031E-16));
#3654=DIRECTION('ref_axis',(-1.,0.,0.));
#3655=DIRECTION('center_axis',(0.,-1.,-2.22044604925031E-16));
#3656=DIRECTION('ref_axis',(-1.,0.,0.));
#3657=DIRECTION('center_axis',(0.,-1.,-2.22044604925031E-16));
#3658=DIRECTION('ref_axis',(-1.,0.,0.));
#3659=DIRECTION('',(0.,1.,2.22044604925031E-16));
#3660=DIRECTION('center_axis',(0.,-1.,-2.22044604925031E-16));
#3661=DIRECTION('ref_axis',(-1.,0.,0.));
#3662=DIRECTION('center_axis',(0.,-1.,-2.22044604925031E-16));
#3663=DIRECTION('ref_axis',(-1.,0.,0.));
#3664=DIRECTION('center_axis',(0.,-1.,-2.22044604925031E-16));
#3665=DIRECTION('ref_axis',(-1.,0.,0.));
#3666=DIRECTION('center_axis',(0.,-1.,-2.22044604925031E-16));
#3667=DIRECTION('ref_axis',(-1.,0.,0.));
#3668=DIRECTION('center_axis',(0.,-1.,-2.22044604925031E-16));
#3669=DIRECTION('ref_axis',(-1.,0.,0.));
#3670=DIRECTION('',(0.,1.,2.22044604925031E-16));
#3671=DIRECTION('center_axis',(0.,-1.,-2.22044604925031E-16));
#3672=DIRECTION('ref_axis',(-1.,0.,0.));
#3673=DIRECTION('center_axis',(0.,-1.,-2.22044604925031E-16));
#3674=DIRECTION('ref_axis',(-1.,0.,0.));
#3675=DIRECTION('center_axis',(-1.22464679914735E-16,1.,2.22044604925031E-16));
#3676=DIRECTION('ref_axis',(-1.,-1.22464679914735E-16,-2.71926214689378E-32));
#3677=DIRECTION('center_axis',(0.,-2.22044604925031E-16,1.));
#3678=DIRECTION('ref_axis',(0.999891031435766,0.014762291635122,3.27788721390877E-18));
#3679=DIRECTION('center_axis',(0.,-1.,-2.22044604925031E-16));
#3680=DIRECTION('ref_axis',(1.,0.,0.));
#3681=DIRECTION('center_axis',(0.,1.,2.22044604925031E-16));
#3682=DIRECTION('ref_axis',(-1.,0.,0.));
#3683=DIRECTION('',(0.,-1.,-2.22044604925031E-16));
#3684=DIRECTION('center_axis',(-1.22464679914735E-16,1.,2.22044604925031E-16));
#3685=DIRECTION('ref_axis',(-1.,-1.22464679914735E-16,-2.71926214689378E-32));
#3686=DIRECTION('center_axis',(-1.22464679914735E-16,1.,2.22044604925031E-16));
#3687=DIRECTION('ref_axis',(-1.,-1.22464679914735E-16,-2.71926214689378E-32));
#3688=DIRECTION('center_axis',(0.,-1.,-2.22044604925031E-16));
#3689=DIRECTION('ref_axis',(1.,0.,0.));
#3690=DIRECTION('center_axis',(0.,-1.,-2.22044604925031E-16));
#3691=DIRECTION('ref_axis',(1.,0.,0.));
#3692=DIRECTION('',(0.,1.,2.22044604925031E-16));
#3693=DIRECTION('center_axis',(0.,-1.,-2.22044604925031E-16));
#3694=DIRECTION('ref_axis',(1.,0.,0.));
#3695=DIRECTION('center_axis',(-1.22464679914735E-16,1.,2.22044604925031E-16));
#3696=DIRECTION('ref_axis',(-1.,-1.22464679914735E-16,-2.71926214689378E-32));
#3697=DIRECTION('center_axis',(0.,-2.22044604925031E-16,1.));
#3698=DIRECTION('ref_axis',(0.999891031435766,0.014762291635122,3.27788721390877E-18));
#3699=DIRECTION('center_axis',(0.,-1.,-2.22044604925031E-16));
#3700=DIRECTION('ref_axis',(1.,0.,0.));
#3701=DIRECTION('center_axis',(0.,1.,2.22044604925031E-16));
#3702=DIRECTION('ref_axis',(-1.,0.,0.));
#3703=DIRECTION('',(0.,-1.,-2.22044604925031E-16));
#3704=DIRECTION('center_axis',(-1.22464679914735E-16,1.,2.22044604925031E-16));
#3705=DIRECTION('ref_axis',(-1.,-1.22464679914735E-16,-2.71926214689378E-32));
#3706=DIRECTION('center_axis',(-1.22464679914735E-16,1.,2.22044604925031E-16));
#3707=DIRECTION('ref_axis',(-1.,-1.22464679914735E-16,-2.71926214689378E-32));
#3708=DIRECTION('center_axis',(0.,-1.,-2.22044604925031E-16));
#3709=DIRECTION('ref_axis',(1.,0.,0.));
#3710=DIRECTION('center_axis',(0.,-1.,-2.22044604925031E-16));
#3711=DIRECTION('ref_axis',(1.,0.,0.));
#3712=DIRECTION('',(0.,1.,2.22044604925031E-16));
#3713=DIRECTION('center_axis',(0.,-1.,-2.22044604925031E-16));
#3714=DIRECTION('ref_axis',(1.,0.,0.));
#3715=DIRECTION('center_axis',(2.71926214689378E-32,1.,3.44509284839767E-16));
#3716=DIRECTION('ref_axis',(2.22044604925031E-16,-3.44509284839767E-16,
1.));
#3717=DIRECTION('center_axis',(1.,4.93038065763132E-32,-2.22044604925031E-16));
#3718=DIRECTION('ref_axis',(-2.22020409043237E-16,0.0147622916351223,-0.999891031435766));
#3719=DIRECTION('center_axis',(0.,-1.,-2.22044604925031E-16));
#3720=DIRECTION('ref_axis',(-2.22044604925031E-16,2.22044604925031E-16,
-1.));
#3721=DIRECTION('center_axis',(0.,1.,2.22044604925031E-16));
#3722=DIRECTION('ref_axis',(2.22044604925031E-16,-2.22044604925031E-16,
1.));
#3723=DIRECTION('',(0.,-1.,-2.22044604925031E-16));
#3724=DIRECTION('center_axis',(2.71926214689378E-32,1.,3.44509284839767E-16));
#3725=DIRECTION('ref_axis',(2.22044604925031E-16,-3.44509284839767E-16,
1.));
#3726=DIRECTION('center_axis',(2.71926214689378E-32,1.,3.44509284839767E-16));
#3727=DIRECTION('ref_axis',(2.22044604925031E-16,-3.44509284839767E-16,
1.));
#3728=DIRECTION('center_axis',(0.,-1.,-2.22044604925031E-16));
#3729=DIRECTION('ref_axis',(-2.22044604925031E-16,2.22044604925031E-16,
-1.));
#3730=DIRECTION('center_axis',(0.,-1.,-2.22044604925031E-16));
#3731=DIRECTION('ref_axis',(-2.22044604925031E-16,2.22044604925031E-16,
-1.));
#3732=DIRECTION('',(0.,1.,2.22044604925031E-16));
#3733=DIRECTION('center_axis',(0.,-1.,-2.22044604925031E-16));
#3734=DIRECTION('ref_axis',(-2.22044604925031E-16,2.22044604925031E-16,
-1.));
#3735=DIRECTION('center_axis',(2.71926214689378E-32,1.,3.44509284839767E-16));
#3736=DIRECTION('ref_axis',(2.22044604925031E-16,-3.44509284839767E-16,
1.));
#3737=DIRECTION('center_axis',(1.,4.93038065763132E-32,-2.22044604925031E-16));
#3738=DIRECTION('ref_axis',(-2.22020409043237E-16,0.0147622916351223,-0.999891031435766));
#3739=DIRECTION('center_axis',(0.,-1.,-2.22044604925031E-16));
#3740=DIRECTION('ref_axis',(-2.22044604925031E-16,2.22044604925031E-16,
-1.));
#3741=DIRECTION('center_axis',(0.,1.,2.22044604925031E-16));
#3742=DIRECTION('ref_axis',(2.22044604925031E-16,-2.22044604925031E-16,
1.));
#3743=DIRECTION('',(0.,-1.,-2.22044604925031E-16));
#3744=DIRECTION('center_axis',(2.71926214689378E-32,1.,3.44509284839767E-16));
#3745=DIRECTION('ref_axis',(2.22044604925031E-16,-3.44509284839767E-16,
1.));
#3746=DIRECTION('center_axis',(2.71926214689378E-32,1.,3.44509284839767E-16));
#3747=DIRECTION('ref_axis',(2.22044604925031E-16,-3.44509284839767E-16,
1.));
#3748=DIRECTION('center_axis',(0.,-1.,-2.22044604925031E-16));
#3749=DIRECTION('ref_axis',(-2.22044604925031E-16,2.22044604925031E-16,
-1.));
#3750=DIRECTION('center_axis',(0.,-1.,-2.22044604925031E-16));
#3751=DIRECTION('ref_axis',(-2.22044604925031E-16,2.22044604925031E-16,
-1.));
#3752=DIRECTION('',(0.,1.,2.22044604925031E-16));
#3753=DIRECTION('center_axis',(0.,-1.,-2.22044604925031E-16));
#3754=DIRECTION('ref_axis',(-2.22044604925031E-16,2.22044604925031E-16,
-1.));
#3755=CARTESIAN_POINT('',(0.,0.,0.));
#3756=CARTESIAN_POINT('Origin',(71.1000310087944,120.500001743436,16.4999982565641));
#3757=CARTESIAN_POINT('',(71.1000310087944,113.500001743436,26.4999982565641));
#3758=CARTESIAN_POINT('',(81.0325086263423,113.500001743436,17.6601225502978));
#3759=CARTESIAN_POINT('Origin',(71.1000310087944,113.500001743436,16.4999982565641));
#3760=CARTESIAN_POINT('',(81.0325086263423,120.500001743436,17.6601225502978));
#3761=CARTESIAN_POINT('',(81.0325086263423,120.500001743436,17.6601225502978));
#3762=CARTESIAN_POINT('',(71.1000310087944,120.500001743436,26.4999982565641));
#3763=CARTESIAN_POINT('Origin',(71.1000310087944,120.500001743436,16.4999982565641));
#3764=CARTESIAN_POINT('',(71.1000310087944,120.500001743436,26.4999982565641));
#3765=CARTESIAN_POINT('Origin',(80.0000011920929,120.500001743436,26.4999982565641));
#3766=CARTESIAN_POINT('',(68.8999710552612,120.500001743436,26.4999982565641));
#3767=CARTESIAN_POINT('',(140.,120.500001743436,26.4999982565641));
#3768=CARTESIAN_POINT('',(68.8999710552612,113.500001743436,26.4999982565641));
#3769=CARTESIAN_POINT('',(68.8999710552612,120.500001743436,26.4999982565641));
#3770=CARTESIAN_POINT('',(-20.,113.500001743436,26.4999982565641));
#3771=CARTESIAN_POINT('Origin',(70.,120.500001743436,-43.5000007003546));
#3772=CARTESIAN_POINT('',(82.6864266947229,120.500001743436,3.49999825656411));
#3773=CARTESIAN_POINT('',(80.0000011920929,120.500001743436,26.5000003427267));
#3774=CARTESIAN_POINT('',(120.000000298023,120.500001743436,3.49999825656411));
#3775=CARTESIAN_POINT('',(20.0000002980232,120.500001743436,3.49999825656411));
#3776=CARTESIAN_POINT('',(120.000000298023,120.500001743436,-31.5000017434359));
#3777=CARTESIAN_POINT('',(120.000000298023,120.500001743436,3.49999825656411));
#3778=CARTESIAN_POINT('',(118.083261120685,120.500001743436,-31.5000017434359));
#3779=CARTESIAN_POINT('',(120.000000298023,120.500001743436,-31.5000017434359));
#3780=CARTESIAN_POINT('',(118.744230427816,120.500001743436,-63.5000017434359));
#3781=CARTESIAN_POINT('Origin',(70.,120.500001743436,-48.5000017434359));
#3782=CARTESIAN_POINT('',(134.916184527607,120.500001743436,-72.6299204950695));
#3783=CARTESIAN_POINT('',(118.744230427816,120.500001743436,-63.5000017434359));
#3784=CARTESIAN_POINT('',(140.,120.500001743436,-81.338027619498));
#3785=CARTESIAN_POINT('Origin',(130.,120.500001743436,-81.338027619498));
#3786=CARTESIAN_POINT('',(140.,120.500001743436,-85.5000017434359));
#3787=CARTESIAN_POINT('',(140.,120.500001743436,-113.500001743436));
#3788=CARTESIAN_POINT('',(130.,120.500001743436,-95.5000017434359));
#3789=CARTESIAN_POINT('Origin',(130.,120.500001743436,-85.5000017434359));
#3790=CARTESIAN_POINT('',(90.0000007450581,120.500001743436,-95.5000017434359));
#3791=CARTESIAN_POINT('',(0.,120.500001743436,-95.5000017434359));
#3792=CARTESIAN_POINT('',(90.0000007450581,120.500001743436,-113.500001743436));
#3793=CARTESIAN_POINT('',(90.0000007450581,120.500001743436,-113.500001743436));
#3794=CARTESIAN_POINT('',(50.0000007450581,120.500001743436,-113.500001743436));
#3795=CARTESIAN_POINT('',(50.0000007450581,120.500001743436,-113.500001743436));
#3796=CARTESIAN_POINT('',(50.0000007450581,120.500001743436,-95.5000017434359));
#3797=CARTESIAN_POINT('',(50.0000007450581,120.500001743436,-95.5000017434359));
#3798=CARTESIAN_POINT('',(10.,120.500001743436,-95.5000017434359));
#3799=CARTESIAN_POINT('',(0.,120.500001743436,-95.5000017434359));
#3800=CARTESIAN_POINT('',(0.,120.500001743436,-85.5000017434359));
#3801=CARTESIAN_POINT('Origin',(10.,120.500001743436,-85.5000017434359));
#3802=CARTESIAN_POINT('',(0.,120.500001743436,-81.3380276194981));
#3803=CARTESIAN_POINT('',(0.,120.500001743436,26.4999982565641));
#3804=CARTESIAN_POINT('',(5.08381547239347,120.500001743436,-72.6299204950696));
#3805=CARTESIAN_POINT('Origin',(10.,120.500001743436,-81.3380276194981));
#3806=CARTESIAN_POINT('',(21.2557695721843,120.500001743436,-63.5000017434359));
#3807=CARTESIAN_POINT('',(21.2557695721843,120.500001743436,-63.5000017434359));
#3808=CARTESIAN_POINT('',(21.9167388793148,120.500001743436,-31.5000017434359));
#3809=CARTESIAN_POINT('Origin',(70.,120.500001743436,-48.5000017434359));
#3810=CARTESIAN_POINT('',(20.0000002980232,120.500001743436,-31.5000017434359));
#3811=CARTESIAN_POINT('',(120.000000298023,120.500001743436,-31.5000017434359));
#3812=CARTESIAN_POINT('',(20.0000002980232,120.500001743436,3.49999825656411));
#3813=CARTESIAN_POINT('',(20.0000002980232,120.500001743436,-31.5000017434359));
#3814=CARTESIAN_POINT('',(57.3135753339208,120.500001743436,3.49999825656411));
#3815=CARTESIAN_POINT('',(83.0000012367964,120.500001743436,3.49999999999998));
#3816=CARTESIAN_POINT('',(58.9674934405756,120.500001743436,17.6601225748028));
#3817=CARTESIAN_POINT('',(60.0000008940697,120.500001743436,26.5000003427267));
#3818=CARTESIAN_POINT('Origin',(68.8999710552612,120.500001743436,16.4999982565641));
#3819=CARTESIAN_POINT('',(12.5000001341105,120.500001743436,-86.5000013411045));
#3820=CARTESIAN_POINT('Origin',(9.00000013411045,120.500001743436,-86.5000013411045));
#3821=CARTESIAN_POINT('',(134.94210887568,120.500001743436,-86.9634077395872));
#3822=CARTESIAN_POINT('Origin',(131.44210887568,120.500001743436,-86.9634077395872));
#3823=CARTESIAN_POINT('',(73.5190955479453,120.500001743436,17.9123187937121));
#3824=CARTESIAN_POINT('Origin',(70.0190955479453,120.500001743436,17.9123187937121));
#3825=CARTESIAN_POINT('Origin',(68.8999710552612,120.500001743436,16.4999982565641));
#3826=CARTESIAN_POINT('',(58.9674934405756,113.500001743436,17.6601225748028));
#3827=CARTESIAN_POINT('Origin',(68.8999710552612,113.500001743436,16.4999982565641));
#3828=CARTESIAN_POINT('',(58.9674934405756,120.500001743436,17.6601225748028));
#3829=CARTESIAN_POINT('Origin',(60.0000008940697,120.500001743436,26.5000003427267));
#3830=CARTESIAN_POINT('',(57.313575537556,113.500001743436,3.49999999999998));
#3831=CARTESIAN_POINT('',(57.3135753339208,120.500001743436,3.49999825656411));
#3832=CARTESIAN_POINT('',(60.0000008940697,113.500001743436,26.5000003427267));
#3833=CARTESIAN_POINT('Origin',(10.,120.500001743436,-81.3380276194981));
#3834=CARTESIAN_POINT('',(0.,113.500001743436,-81.3380276194981));
#3835=CARTESIAN_POINT('',(5.08381547239347,113.500001743436,-72.6299204950696));
#3836=CARTESIAN_POINT('Origin',(10.,113.500001743436,-81.3380276194981));
#3837=CARTESIAN_POINT('',(5.08381547239347,120.500001743436,-72.6299204950696));
#3838=CARTESIAN_POINT('',(0.,120.500001743436,-81.3380276194981));
#3839=CARTESIAN_POINT('Origin',(0.,120.500001743436,-75.5000017434359));
#3840=CARTESIAN_POINT('',(0.,113.500001743436,-85.5000017434359));
#3841=CARTESIAN_POINT('',(0.,120.500001743436,-85.5000017434359));
#3842=CARTESIAN_POINT('',(0.,113.500001743436,26.4999982565641));
#3843=CARTESIAN_POINT('Origin',(10.,120.500001743436,-85.5000017434359));
#3844=CARTESIAN_POINT('',(10.,113.500001743436,-95.5000017434359));
#3845=CARTESIAN_POINT('Origin',(10.,113.500001743436,-85.5000017434359));
#3846=CARTESIAN_POINT('',(10.,120.500001743436,-95.5000017434359));
#3847=CARTESIAN_POINT('Origin',(0.,120.500001743436,-95.5000017434359));
#3848=CARTESIAN_POINT('',(50.0000007450581,113.500001743436,-95.5000017434359));
#3849=CARTESIAN_POINT('',(50.0000007450581,120.500001743436,-95.5000017434359));
#3850=CARTESIAN_POINT('',(-160.,113.500001743436,-95.5000017434359));
#3851=CARTESIAN_POINT('Origin',(130.,120.500001743436,-81.338027619498));
#3852=CARTESIAN_POINT('',(134.916184527607,113.500001743436,-72.6299204950695));
#3853=CARTESIAN_POINT('',(140.,113.500001743436,-81.338027619498));
#3854=CARTESIAN_POINT('Origin',(130.,113.500001743436,-81.338027619498));
#3855=CARTESIAN_POINT('',(140.,120.500001743436,-81.338027619498));
#3856=CARTESIAN_POINT('',(134.916184527607,120.500001743436,-72.6299204950695));
#3857=CARTESIAN_POINT('Origin',(140.,120.500001743436,-75.5000017434359));
#3858=CARTESIAN_POINT('',(118.744230427816,113.500001743436,-63.5000017434359));
#3859=CARTESIAN_POINT('',(118.744230427816,120.500001743436,-63.5000017434359));
#3860=CARTESIAN_POINT('',(118.744230427816,113.500001743436,-63.5000017434359));
#3861=CARTESIAN_POINT('Origin',(130.,120.500001743436,-85.5000017434359));
#3862=CARTESIAN_POINT('',(140.,113.500001743436,-85.5000017434359));
#3863=CARTESIAN_POINT('',(130.,113.500001743436,-95.5000017434359));
#3864=CARTESIAN_POINT('Origin',(130.,113.500001743436,-85.5000017434359));
#3865=CARTESIAN_POINT('',(130.,120.500001743436,-95.5000017434359));
#3866=CARTESIAN_POINT('',(140.,120.500001743436,-85.5000017434359));
#3867=CARTESIAN_POINT('Origin',(90.0000007450581,120.500001743436,-95.5000017434359));
#3868=CARTESIAN_POINT('',(90.0000007450581,113.500001743436,-95.5000017434359));
#3869=CARTESIAN_POINT('',(-160.,113.500001743436,-95.5000017434359));
#3870=CARTESIAN_POINT('',(90.0000007450581,120.500001743436,-95.5000017434359));
#3871=CARTESIAN_POINT('Origin',(9.00000013411045,113.500001743436,-86.5000013411045));
#3872=CARTESIAN_POINT('',(12.5000001341105,113.500001743436,-86.5000013411045));
#3873=CARTESIAN_POINT('Origin',(9.00000013411045,113.500001743436,-86.5000013411045));
#3874=CARTESIAN_POINT('',(12.5000001341105,113.500001743436,-86.5000013411045));
#3875=CARTESIAN_POINT('Origin',(131.44210887568,113.500001743436,-86.9634077395872));
#3876=CARTESIAN_POINT('',(134.94210887568,113.500001743436,-86.9634077395872));
#3877=CARTESIAN_POINT('Origin',(131.44210887568,113.500001743436,-86.9634077395872));
#3878=CARTESIAN_POINT('',(134.94210887568,113.500001743436,-86.9634077395872));
#3879=CARTESIAN_POINT('Origin',(70.0190955479453,113.500001743436,17.9123187937121));
#3880=CARTESIAN_POINT('',(73.5190955479453,113.500001743436,17.9123187937121));
#3881=CARTESIAN_POINT('Origin',(70.0190955479453,113.500001743436,17.9123187937121));
#3882=CARTESIAN_POINT('',(73.5190955479453,113.500001743436,17.9123187937121));
#3883=CARTESIAN_POINT('Origin',(20.0000002980232,120.500001743436,-31.5000017434359));
#3884=CARTESIAN_POINT('',(21.9167388793148,113.500001743436,-31.5000017434359));
#3885=CARTESIAN_POINT('',(21.9167388793148,120.500001743436,-31.5000017434359));
#3886=CARTESIAN_POINT('',(20.0000002980232,113.500001743436,-31.5000017434359));
#3887=CARTESIAN_POINT('',(-39.9999997019768,113.500001743436,-31.5000017434359));
#3888=CARTESIAN_POINT('',(20.0000002980232,120.500001743436,-31.5000017434359));
#3889=CARTESIAN_POINT('Origin',(20.0000002980232,120.500001743436,3.49999825656411));
#3890=CARTESIAN_POINT('',(20.0000002980232,113.500001743436,3.49999999999998));
#3891=CARTESIAN_POINT('',(20.0000002980232,113.500001743436,-31.5000017434359));
#3892=CARTESIAN_POINT('',(20.0000002980232,120.500001743436,3.49999825656411));
#3893=CARTESIAN_POINT('Origin',(57.3135753339208,120.500001743436,3.49999999999998));
#3894=CARTESIAN_POINT('',(-76.9999987632036,113.500001743436,3.49999999999998));
#3895=CARTESIAN_POINT('Origin',(82.6864266947229,120.500001743436,3.49999825656411));
#3896=CARTESIAN_POINT('',(82.6864266947229,113.500001743436,3.49999825656411));
#3897=CARTESIAN_POINT('',(80.0000011920929,113.500001743436,26.5000003427267));
#3898=CARTESIAN_POINT('',(82.6864266947229,120.500001743436,3.49999825656411));
#3899=CARTESIAN_POINT('Origin',(120.000000298023,120.500001743436,3.49999825656411));
#3900=CARTESIAN_POINT('',(120.000000298023,113.500001743436,3.49999825656411));
#3901=CARTESIAN_POINT('',(-139.999999701977,113.500001743436,3.49999825656411));
#3902=CARTESIAN_POINT('',(120.000000298023,120.500001743436,3.49999825656411));
#3903=CARTESIAN_POINT('Origin',(120.000000298023,120.500001743436,-31.5000017434359));
#3904=CARTESIAN_POINT('',(120.000000298023,113.500001743436,-31.5000017434359));
#3905=CARTESIAN_POINT('',(120.000000298023,113.500001743436,3.49999825656411));
#3906=CARTESIAN_POINT('',(120.000000298023,120.500001743436,-31.5000017434359));
#3907=CARTESIAN_POINT('Origin',(118.083261120685,120.500001743436,-31.5000017434359));
#3908=CARTESIAN_POINT('',(118.083261120685,113.500001743436,-31.5000017434359));
#3909=CARTESIAN_POINT('',(-39.9999997019768,113.500001743436,-31.5000017434359));
#3910=CARTESIAN_POINT('',(118.083261120685,120.500001743436,-31.5000017434359));
#3911=CARTESIAN_POINT('Origin',(70.,120.500001743436,-48.5000017434359));
#3912=CARTESIAN_POINT('Origin',(70.,113.500001743436,-48.5000017434359));
#3913=CARTESIAN_POINT('Origin',(140.,120.500001743436,-95.5000017434359));
#3914=CARTESIAN_POINT('',(140.,113.500001743436,-113.500001743436));
#3915=CARTESIAN_POINT('Origin',(90.0000007450581,120.500001743436,-113.500001743436));
#3916=CARTESIAN_POINT('',(90.0000007450581,113.500001743436,-113.500001743436));
#3917=CARTESIAN_POINT('',(90.0000007450581,113.500001743436,-113.500001743436));
#3918=CARTESIAN_POINT('',(90.0000007450581,120.500001743436,-113.500001743436));
#3919=CARTESIAN_POINT('Origin',(50.0000007450581,120.500001743436,-113.500001743436));
#3920=CARTESIAN_POINT('',(50.0000007450581,113.500001743436,-113.500001743436));
#3921=CARTESIAN_POINT('',(-109.999999254942,113.500001743436,-113.500001743436));
#3922=CARTESIAN_POINT('',(50.0000007450581,120.500001743436,-113.500001743436));
#3923=CARTESIAN_POINT('Origin',(50.0000007450581,120.500001743436,-95.5000017434359));
#3924=CARTESIAN_POINT('',(50.0000007450581,113.500001743436,-95.5000017434359));
#3925=CARTESIAN_POINT('Origin',(21.2557695721843,120.500001743436,-63.5000017434359));
#3926=CARTESIAN_POINT('',(21.2557695721843,113.500001743436,-63.5000017434359));
#3927=CARTESIAN_POINT('',(21.2557695721843,113.500001743436,-63.5000017434359));
#3928=CARTESIAN_POINT('',(21.2557695721843,120.500001743436,-63.5000017434359));
#3929=CARTESIAN_POINT('Origin',(70.,120.500001743436,-48.5000017434359));
#3930=CARTESIAN_POINT('Origin',(70.,113.500001743436,-48.5000017434359));
#3931=CARTESIAN_POINT('Origin',(-90.,113.500001743436,-43.5000007003546));
#3932=CARTESIAN_POINT('Origin',(70.0000010430813,98.5000014156103,-113.500001743436));
#3933=CARTESIAN_POINT('',(60.7370010430813,98.5000014156103,-113.500001743436));
#3934=CARTESIAN_POINT('Origin',(70.0000010430813,98.5000014156103,-113.500001743436));
#3935=CARTESIAN_POINT('',(60.7370010430813,98.5000014156103,-92.5363146036666));
#3936=CARTESIAN_POINT('',(60.7370010430813,98.5000014156103,-113.500001743436));
#3937=CARTESIAN_POINT('Ctrl Pts',(60.7370010430813,98.5000014156103,-92.5363146036666));
#3938=CARTESIAN_POINT('Ctrl Pts',(60.7370010430813,99.6667165885156,-92.5363146036666));
#3939=CARTESIAN_POINT('Ctrl Pts',(60.970854074798,100.908839935947,-92.5874921838315));
#3940=CARTESIAN_POINT('Ctrl Pts',(61.9171944436833,103.190016401124,-92.7707656797206));
#3941=CARTESIAN_POINT('Ctrl Pts',(62.6295069511101,104.229367552676,-92.9000437621707));
#3942=CARTESIAN_POINT('Ctrl Pts',(64.2705831990467,105.870443799063,-93.1414801628017));
#3943=CARTESIAN_POINT('Ctrl Pts',(65.3099562660293,106.582796792284,-93.2695523699646));
#3944=CARTESIAN_POINT('Ctrl Pts',(67.5912090611977,107.529166554027,-93.4500506829363));
#3945=CARTESIAN_POINT('Ctrl Pts',(68.8333593993925,107.76300141561,-93.5000017704781));
#3946=CARTESIAN_POINT('Ctrl Pts',(71.1666426911538,107.76300141561,-93.5000017163935));
#3947=CARTESIAN_POINT('Ctrl Pts',(72.4087930313797,107.529166552454,-93.4500505709205));
#3948=CARTESIAN_POINT('Ctrl Pts',(74.6900458276508,106.582796788076,-93.2695521507534));
#3949=CARTESIAN_POINT('Ctrl Pts',(75.7294188938524,105.870443793876,-93.1414798942891));
#3950=CARTESIAN_POINT('Ctrl Pts',(77.370495137972,104.229367548207,-92.9000434154244));
#3951=CARTESIAN_POINT('Ctrl Pts',(78.0828076436793,103.190016398675,-92.7707652986571));
#3952=CARTESIAN_POINT('Ctrl Pts',(79.0291480111412,100.908839936042,-92.5874917566701));
#3953=CARTESIAN_POINT('Ctrl Pts',(79.2630010430813,99.6667165890379,-92.5363141648441));
#3954=CARTESIAN_POINT('Ctrl Pts',(79.2630010430813,97.3332862421828,-92.5363141648441));
#3955=CARTESIAN_POINT('Ctrl Pts',(79.0291480111412,96.0911628951787,-92.5874917566701));
#3956=CARTESIAN_POINT('Ctrl Pts',(78.0828076436793,93.8099864325457,-92.7707652986571));
#3957=CARTESIAN_POINT('Ctrl Pts',(77.370495137972,92.770635283014,-92.9000434154244));
#3958=CARTESIAN_POINT('Ctrl Pts',(75.7294188938524,91.1295590373446,-93.1414798942891));
#3959=CARTESIAN_POINT('Ctrl Pts',(74.6900458276508,90.4172060431442,-93.2695521507534));
#3960=CARTESIAN_POINT('Ctrl Pts',(72.4087930313797,89.4708362787666,-93.4500505709205));
#3961=CARTESIAN_POINT('Ctrl Pts',(71.1666426911538,89.2370014156104,-93.5000017163935));
#3962=CARTESIAN_POINT('Ctrl Pts',(68.8333593993925,89.2370014156104,-93.5000017704781));
#3963=CARTESIAN_POINT('Ctrl Pts',(67.5912090611977,89.470836277194,-93.4500506829363));
#3964=CARTESIAN_POINT('Ctrl Pts',(65.3099562660293,90.4172060389371,-93.2695523699646));
#3965=CARTESIAN_POINT('Ctrl Pts',(64.2705831990467,91.1295590321579,-93.1414801628017));
#3966=CARTESIAN_POINT('Ctrl Pts',(62.6295069511101,92.7706352785445,-92.9000437621707));
#3967=CARTESIAN_POINT('Ctrl Pts',(61.9171944436833,93.8099864300965,-92.7707656797206));
#3968=CARTESIAN_POINT('Ctrl Pts',(60.970854074798,96.0911628952738,-92.5874921838315));
#3969=CARTESIAN_POINT('Ctrl Pts',(60.7370010430813,97.3332862427051,-92.5363146036666));
#3970=CARTESIAN_POINT('Ctrl Pts',(60.7370010430813,98.5000014156104,-92.5363146036666));
#3971=CARTESIAN_POINT('Origin',(30.0000002980232,98.5000014156103,-11.5000002235174));
#3972=CARTESIAN_POINT('',(30.0000002980232,98.5000014156103,-6.50000022351744));
#3973=CARTESIAN_POINT('Origin',(30.0000002980232,98.5000014156103,-11.5000002235174));
#3974=CARTESIAN_POINT('',(53.8445095299817,98.5000014156103,-6.50000022351744));
#3975=CARTESIAN_POINT('',(30.0000002980232,98.5000014156103,-6.50000022351744));
#3976=CARTESIAN_POINT('Ctrl Pts',(53.8445095299817,98.5000014156103,-6.50000022351744));
#3977=CARTESIAN_POINT('Ctrl Pts',(53.8445095299817,98.7332874753397,-6.50000022351744));
#3978=CARTESIAN_POINT('Ctrl Pts',(53.7984776979738,98.9808323363898,-6.51763345296427));
#3979=CARTESIAN_POINT('Ctrl Pts',(53.6258605027599,99.4458225768327,-6.58465696412328));
#3980=CARTESIAN_POINT('Ctrl Pts',(53.5009388331346,99.6639572139582,-6.6335370994833));
#3981=CARTESIAN_POINT('Ctrl Pts',(52.8938685689739,100.525097428085,-6.87497635271264));
#3982=CARTESIAN_POINT('Ctrl Pts',(52.119024631,101.099239751134,-7.19838826424956));
#3983=CARTESIAN_POINT('Ctrl Pts',(50.3763140878546,102.147522668864,-7.98730048337998));
#3984=CARTESIAN_POINT('Ctrl Pts',(49.153467221031,102.641446080303,-8.59523620573324));
#3985=CARTESIAN_POINT('Ctrl Pts',(46.7081846377667,103.3220683332,-9.97131636020759));
#3986=CARTESIAN_POINT('Ctrl Pts',(45.4841216388753,103.50000141561,-10.7408899408927));
#3987=CARTESIAN_POINT('Ctrl Pts',(43.5339560575644,103.50000141561,-12.0908522022174));
#3988=CARTESIAN_POINT('Ctrl Pts',(42.6257630253846,103.391272734614,-12.7676614389915));
#3989=CARTESIAN_POINT('Ctrl Pts',(40.9554727387846,102.825648635532,-14.1115673651817));
#3990=CARTESIAN_POINT('Ctrl Pts',(40.1925169292961,102.369852856461,-14.7780593754774));
#3991=CARTESIAN_POINT('Ctrl Pts',(39.2465164939425,101.339966654264,-15.6450545939886));
#3992=CARTESIAN_POINT('Ctrl Pts',(38.9224167151233,100.850339802286,-15.9534395212064));
#3993=CARTESIAN_POINT('Ctrl Pts',(38.4797619890652,99.7344334038933,-16.3819463682658));
#3994=CARTESIAN_POINT('Ctrl Pts',(38.3614174981682,99.1072773798614,-16.5000002235174));
#3995=CARTESIAN_POINT('Ctrl Pts',(38.3614174981682,97.8927254513592,-16.5000002235174));
#3996=CARTESIAN_POINT('Ctrl Pts',(38.4797619890652,97.2655694273273,-16.3819463682658));
#3997=CARTESIAN_POINT('Ctrl Pts',(38.9224167151233,96.149663028935,-15.9534395212064));
#3998=CARTESIAN_POINT('Ctrl Pts',(39.2465164939425,95.6600361769563,-15.6450545939886));
#3999=CARTESIAN_POINT('Ctrl Pts',(40.1925169292961,94.6301499747595,-14.7780593754774));
#4000=CARTESIAN_POINT('Ctrl Pts',(40.9554727387846,94.1743541956885,-14.1115673651818));
#4001=CARTESIAN_POINT('Ctrl Pts',(42.6257630253846,93.6087300966064,-12.7676614389915));
#4002=CARTESIAN_POINT('Ctrl Pts',(43.5339560575644,93.5000014156103,-12.0908522022175));
#4003=CARTESIAN_POINT('Ctrl Pts',(45.4841216388753,93.5000014156103,-10.7408899408927));
#4004=CARTESIAN_POINT('Ctrl Pts',(46.7081846377667,93.6779344980203,-9.97131636020757));
#4005=CARTESIAN_POINT('Ctrl Pts',(49.153467221031,94.3585567509181,-8.5952362057332));
#4006=CARTESIAN_POINT('Ctrl Pts',(50.3763140878546,94.8524801623562,-7.98730048337996));
#4007=CARTESIAN_POINT('Ctrl Pts',(52.119024631,95.9007630800865,-7.19838826424956));
#4008=CARTESIAN_POINT('Ctrl Pts',(52.8938685689739,96.4749054031358,-6.87497635271264));
#4009=CARTESIAN_POINT('Ctrl Pts',(53.5009388331346,97.3360456172624,-6.6335370994833));
#4010=CARTESIAN_POINT('Ctrl Pts',(53.6258605027599,97.5541802543879,-6.5846569641233));
#4011=CARTESIAN_POINT('Ctrl Pts',(53.7984776979738,98.0191704948308,-6.51763345296429));
#4012=CARTESIAN_POINT('Ctrl Pts',(53.8445095299817,98.2667153558809,-6.50000022351744));
#4013=CARTESIAN_POINT('Ctrl Pts',(53.8445095299817,98.5000014156103,-6.50000022351744));
#4014=CARTESIAN_POINT('Origin',(20.0000002980232,98.5000014156103,-11.5000002235174));
#4015=CARTESIAN_POINT('',(20.0000002980232,98.5000014156103,0.999999776482561));
#4016=CARTESIAN_POINT('Origin',(20.0000002980232,98.5000014156103,-11.5000002235174));
#4017=CARTESIAN_POINT('',(30.0000002980232,98.5000014156103,0.999999776482561));
#4018=CARTESIAN_POINT('',(20.0000002980232,98.5000014156103,0.999999776482561));
#4019=CARTESIAN_POINT('Origin',(30.0000002980232,98.5000014156103,-11.5000002235174));
#4020=CARTESIAN_POINT('Origin',(30.0000002980232,98.5000014156103,-11.5000002235174));
#4021=CARTESIAN_POINT('Origin',(108.000000298023,98.5000014156103,-11.5000002235174));
#4022=CARTESIAN_POINT('',(108.000000298023,98.5000014156103,-16.5000002235174));
#4023=CARTESIAN_POINT('Origin',(108.000000298023,98.5000014156103,-11.5000002235174));
#4024=CARTESIAN_POINT('',(101.638582501832,98.5000014156103,-16.5000002235174));
#4025=CARTESIAN_POINT('',(108.000000298023,98.5000014156103,-16.5000002235174));
#4026=CARTESIAN_POINT('Ctrl Pts',(101.638582501832,98.5000014156103,-16.5000002235174));
#4027=CARTESIAN_POINT('Ctrl Pts',(101.638582501832,99.1072773798614,-16.5000002235174));
#4028=CARTESIAN_POINT('Ctrl Pts',(101.520238010935,99.7344334038933,-16.3819463682658));
#4029=CARTESIAN_POINT('Ctrl Pts',(101.077583284877,100.850339802286,-15.9534395212064));
#4030=CARTESIAN_POINT('Ctrl Pts',(100.753483506058,101.339966654264,-15.6450545939886));
#4031=CARTESIAN_POINT('Ctrl Pts',(99.8074830707039,102.369852856461,-14.7780593754774));
#4032=CARTESIAN_POINT('Ctrl Pts',(99.0445272612155,102.825648635532,-14.1115673651818));
#4033=CARTESIAN_POINT('Ctrl Pts',(97.3742369746154,103.391272734614,-12.7676614389915));
#4034=CARTESIAN_POINT('Ctrl Pts',(96.4660439424356,103.50000141561,-12.0908522022175));
#4035=CARTESIAN_POINT('Ctrl Pts',(94.5158783611247,103.50000141561,-10.7408899408927));
#4036=CARTESIAN_POINT('Ctrl Pts',(93.2918153622333,103.3220683332,-9.97131636020757));
#4037=CARTESIAN_POINT('Ctrl Pts',(90.846532778969,102.641446080303,-8.5952362057332));
#4038=CARTESIAN_POINT('Ctrl Pts',(89.6236859121454,102.147522668864,-7.98730048337996));
#4039=CARTESIAN_POINT('Ctrl Pts',(87.880975369,101.099239751134,-7.19838826424956));
#4040=CARTESIAN_POINT('Ctrl Pts',(87.1061314310262,100.525097428085,-6.87497635271264));
#4041=CARTESIAN_POINT('Ctrl Pts',(86.4990611668654,99.6639572139582,-6.6335370994833));
#4042=CARTESIAN_POINT('Ctrl Pts',(86.3741394972402,99.4458225768327,-6.58465696412328));
#4043=CARTESIAN_POINT('Ctrl Pts',(86.2015223020262,98.9808323363898,-6.51763345296427));
#4044=CARTESIAN_POINT('Ctrl Pts',(86.1554904700183,98.7332874753397,-6.50000022351744));
#4045=CARTESIAN_POINT('Ctrl Pts',(86.1554904700183,98.2667153558809,-6.50000022351744));
#4046=CARTESIAN_POINT('Ctrl Pts',(86.2015223020262,98.0191704948308,-6.51763345296427));
#4047=CARTESIAN_POINT('Ctrl Pts',(86.3741394972402,97.5541802543879,-6.58465696412328));
#4048=CARTESIAN_POINT('Ctrl Pts',(86.4990611668654,97.3360456172624,-6.6335370994833));
#4049=CARTESIAN_POINT('Ctrl Pts',(87.1061314310262,96.4749054031358,-6.87497635271264));
#4050=CARTESIAN_POINT('Ctrl Pts',(87.880975369,95.9007630800865,-7.19838826424956));
#4051=CARTESIAN_POINT('Ctrl Pts',(89.6236859121454,94.8524801623562,-7.98730048337996));
#4052=CARTESIAN_POINT('Ctrl Pts',(90.846532778969,94.3585567509181,-8.59523620573322));
#4053=CARTESIAN_POINT('Ctrl Pts',(93.2918153622333,93.6779344980203,-9.97131636020757));
#4054=CARTESIAN_POINT('Ctrl Pts',(94.5158783611247,93.5000014156103,-10.7408899408927));
#4055=CARTESIAN_POINT('Ctrl Pts',(96.4660439424356,93.5000014156103,-12.0908522022175));
#4056=CARTESIAN_POINT('Ctrl Pts',(97.3742369746154,93.6087300966064,-12.7676614389915));
#4057=CARTESIAN_POINT('Ctrl Pts',(99.0445272612155,94.1743541956885,-14.1115673651818));
#4058=CARTESIAN_POINT('Ctrl Pts',(99.8074830707039,94.6301499747595,-14.7780593754774));
#4059=CARTESIAN_POINT('Ctrl Pts',(100.753483506058,95.6600361769563,-15.6450545939886));
#4060=CARTESIAN_POINT('Ctrl Pts',(101.077583284877,96.149663028935,-15.9534395212064));
#4061=CARTESIAN_POINT('Ctrl Pts',(101.520238010935,97.2655694273273,-16.3819463682658));
#4062=CARTESIAN_POINT('Ctrl Pts',(101.638582501832,97.8927254513592,-16.5000002235174));
#4063=CARTESIAN_POINT('Ctrl Pts',(101.638582501832,98.5000014156103,-16.5000002235174));
#4064=CARTESIAN_POINT('Origin',(133.000000298023,98.5000014156103,-11.5000002235174));
#4065=CARTESIAN_POINT('',(120.000000298023,98.5000014156103,-24.0000002235174));
#4066=CARTESIAN_POINT('Origin',(120.000000298023,98.5000014156103,-11.5000002235174));
#4067=CARTESIAN_POINT('',(108.000000298023,98.5000014156103,-24.0000002235174));
#4068=CARTESIAN_POINT('',(133.000000298023,98.5000014156103,-24.0000002235174));
#4069=CARTESIAN_POINT('Origin',(108.000000298023,98.5000014156103,-11.5000002235174));
#4070=CARTESIAN_POINT('Origin',(108.000000298023,98.5000014156103,-11.5000002235174));
#4071=CARTESIAN_POINT('Origin',(70.,83.5000017434359,-48.5000017434358));
#4072=CARTESIAN_POINT('',(115.,63.5000017434359,-48.5000017434358));
#4073=CARTESIAN_POINT('Origin',(70.,63.5000017434359,-48.5000017434358));
#4074=CARTESIAN_POINT('',(115.,113.500001743436,-48.5000017434358));
#4075=CARTESIAN_POINT('',(115.,83.5000017434359,-48.5000017434358));
#4076=CARTESIAN_POINT('Origin',(70.,113.500001743436,-48.5000017434358));
#4077=CARTESIAN_POINT('Origin',(70.,83.5000017434359,-48.5000017434358));
#4078=CARTESIAN_POINT('',(117.425,63.5000017434359,-48.5000017434358));
#4079=CARTESIAN_POINT('Origin',(70.,63.5000017434359,-48.5000017434358));
#4080=CARTESIAN_POINT('',(117.425,83.5000017434359,-48.5000017434358));
#4081=CARTESIAN_POINT('',(117.425,83.5000017434359,-48.5000017434358));
#4082=CARTESIAN_POINT('Origin',(70.,83.5000017434359,-48.5000017434358));
#4083=CARTESIAN_POINT('Origin',(70.,63.5000017434359,-48.5000017434358));
#4084=CARTESIAN_POINT('Origin',(70.,83.5000017434359,-55.000000871718));
#4085=CARTESIAN_POINT('',(21.9167388793148,83.5000017434359,-31.5000017434359));
#4086=CARTESIAN_POINT('',(50.2010101267767,83.5000017434359,-95.5000017434359));
#4087=CARTESIAN_POINT('Origin',(70.,83.5000017434359,-48.5000017434359));
#4088=CARTESIAN_POINT('',(50.0000007450581,83.5000017434359,-95.5000017434359));
#4089=CARTESIAN_POINT('',(90.0000007450581,83.5000017434359,-95.5000017434359));
#4090=CARTESIAN_POINT('',(50.0000007450581,83.5000017434359,-113.500001743436));
#4091=CARTESIAN_POINT('',(50.0000007450581,83.5000017434359,-95.5000017434359));
#4092=CARTESIAN_POINT('',(90.0000007450581,83.5000017434359,-113.500001743436));
#4093=CARTESIAN_POINT('',(50.0000007450581,83.5000017434359,-113.500001743436));
#4094=CARTESIAN_POINT('',(90.0000007450581,83.5000017434359,-95.5000017434359));
#4095=CARTESIAN_POINT('',(90.0000007450581,83.5000017434359,-113.500001743436));
#4096=CARTESIAN_POINT('',(89.7989898732234,83.5000017434359,-95.5000017434359));
#4097=CARTESIAN_POINT('',(90.0000007450581,83.5000017434359,-95.5000017434359));
#4098=CARTESIAN_POINT('',(118.083261120685,83.5000017434359,-31.5000017434359));
#4099=CARTESIAN_POINT('Origin',(70.,83.5000017434359,-48.5000017434359));
#4100=CARTESIAN_POINT('',(120.000000298023,83.5000017434359,-31.5000017434359));
#4101=CARTESIAN_POINT('',(120.000000298023,83.5000017434359,-31.5000017434359));
#4102=CARTESIAN_POINT('',(120.000000298023,83.5000017434359,3.49999825656411));
#4103=CARTESIAN_POINT('',(120.000000298023,83.5000017434359,3.49999825656411));
#4104=CARTESIAN_POINT('',(20.0000002980232,83.5000017434359,3.49999825656411));
#4105=CARTESIAN_POINT('',(20.0000002980232,83.5000017434359,3.49999825656411));
#4106=CARTESIAN_POINT('',(20.0000002980232,83.5000017434359,-31.5000017434359));
#4107=CARTESIAN_POINT('',(20.0000002980232,83.5000017434359,-31.5000017434359));
#4108=CARTESIAN_POINT('',(120.000000298023,83.5000017434359,-31.5000017434359));
#4109=CARTESIAN_POINT('Origin',(20.0000002980232,113.500001743436,-31.5000017434359));
#4110=CARTESIAN_POINT('',(21.9167388793148,113.500001743436,-31.5000017434359));
#4111=CARTESIAN_POINT('',(20.0000002980232,113.500001743436,-31.5000017434359));
#4112=CARTESIAN_POINT('',(120.000000298023,113.500001743436,-31.5000017434359));
#4113=CARTESIAN_POINT('',(21.9167388793148,113.500001743436,-31.5000017434359));
#4114=CARTESIAN_POINT('',(20.0000002980232,113.500001743436,-31.5000017434359));
#4115=CARTESIAN_POINT('Origin',(20.0000002980232,113.500001743436,3.49999825656411));
#4116=CARTESIAN_POINT('',(20.0000002980232,113.500001743436,3.49999825656411));
#4117=CARTESIAN_POINT('',(20.0000002980232,113.500001743436,-31.5000017434359));
#4118=CARTESIAN_POINT('',(20.0000002980232,113.500001743436,3.49999825656411));
#4119=CARTESIAN_POINT('Origin',(120.000000298023,113.500001743436,3.49999825656411));
#4120=CARTESIAN_POINT('',(120.000000298023,113.500001743436,3.49999825656411));
#4121=CARTESIAN_POINT('',(20.0000002980232,113.500001743436,3.49999825656411));
#4122=CARTESIAN_POINT('',(120.000000298023,113.500001743436,3.49999825656411));
#4123=CARTESIAN_POINT('Origin',(120.000000298023,113.500001743436,-31.5000017434359));
#4124=CARTESIAN_POINT('',(120.000000298023,113.500001743436,-31.5000017434359));
#4125=CARTESIAN_POINT('',(120.000000298023,113.500001743436,3.49999825656411));
#4126=CARTESIAN_POINT('',(120.000000298023,113.500001743436,-31.5000017434359));
#4127=CARTESIAN_POINT('Origin',(118.083261120685,113.500001743436,-31.5000017434359));
#4128=CARTESIAN_POINT('',(118.083261120685,113.500001743436,-31.5000017434359));
#4129=CARTESIAN_POINT('',(120.000000298023,113.500001743436,-31.5000017434359));
#4130=CARTESIAN_POINT('',(118.083261120685,113.500001743436,-31.5000017434359));
#4131=CARTESIAN_POINT('Origin',(70.,113.500001743436,-48.5000017434359));
#4132=CARTESIAN_POINT('',(89.7989898732234,113.500001743436,-95.5000017434359));
#4133=CARTESIAN_POINT('Origin',(70.,113.500001743436,-48.5000017434359));
#4134=CARTESIAN_POINT('',(89.7989898732234,113.500001743436,-95.5000017434359));
#4135=CARTESIAN_POINT('Origin',(90.0000007450581,113.500001743436,-95.5000017434359));
#4136=CARTESIAN_POINT('',(90.0000007450581,113.500001743436,-95.5000017434359));
#4137=CARTESIAN_POINT('',(90.0000007450581,113.500001743436,-95.5000017434359));
#4138=CARTESIAN_POINT('',(90.0000007450581,113.500001743436,-95.5000017434359));
#4139=CARTESIAN_POINT('Origin',(90.0000007450581,113.500001743436,-113.500001743436));
#4140=CARTESIAN_POINT('',(90.0000007450581,113.500001743436,-113.500001743436));
#4141=CARTESIAN_POINT('',(90.0000007450581,113.500001743436,-113.500001743436));
#4142=CARTESIAN_POINT('',(90.0000007450581,113.500001743436,-113.500001743436));
#4143=CARTESIAN_POINT('Origin',(50.0000007450581,113.500001743436,-113.500001743436));
#4144=CARTESIAN_POINT('',(50.0000007450581,113.500001743436,-113.500001743436));
#4145=CARTESIAN_POINT('',(50.0000007450581,113.500001743436,-113.500001743436));
#4146=CARTESIAN_POINT('',(50.0000007450581,113.500001743436,-113.500001743436));
#4147=CARTESIAN_POINT('Origin',(50.0000007450581,113.500001743436,-95.5000017434359));
#4148=CARTESIAN_POINT('',(50.0000007450581,113.500001743436,-95.5000017434359));
#4149=CARTESIAN_POINT('',(50.0000007450581,113.500001743436,-95.5000017434359));
#4150=CARTESIAN_POINT('',(50.0000007450581,113.500001743436,-95.5000017434359));
#4151=CARTESIAN_POINT('Origin',(50.2010101267767,113.500001743436,-95.5000017434359));
#4152=CARTESIAN_POINT('',(50.2010101267767,113.500001743436,-95.5000017434359));
#4153=CARTESIAN_POINT('',(90.0000007450581,113.500001743436,-95.5000017434359));
#4154=CARTESIAN_POINT('',(50.2010101267767,113.500001743436,-95.5000017434359));
#4155=CARTESIAN_POINT('Origin',(70.,113.500001743436,-48.5000017434359));
#4156=CARTESIAN_POINT('Origin',(70.,113.500001743436,-48.5000017434359));
#4157=CARTESIAN_POINT('Origin',(70.,113.500001743436,-55.000000871718));
#4158=CARTESIAN_POINT('Origin',(133.000000298023,98.5000014156103,-11.5000002235174));
#4159=CARTESIAN_POINT('',(133.000000298023,98.5000014156103,-23.2630002235174));
#4160=CARTESIAN_POINT('Origin',(133.000000298023,98.5000014156103,-11.5000002235174));
#4161=CARTESIAN_POINT('',(120.000000298023,98.5000014156103,-23.2630002235174));
#4162=CARTESIAN_POINT('',(133.000000298023,98.5000014156103,-23.2630002235174));
#4163=CARTESIAN_POINT('Origin',(120.000000298023,98.5000014156103,-11.5000002235174));
#4164=CARTESIAN_POINT('Origin',(120.000000298023,98.5000014156103,-11.5000002235174));
#4165=CARTESIAN_POINT('',(133.000000298023,98.5000014156103,-26.5000002235174));
#4166=CARTESIAN_POINT('Origin',(133.000000298023,98.5000014156103,-11.5000002235174));
#4167=CARTESIAN_POINT('',(120.000000298023,98.5000014156103,-26.5000002235174));
#4168=CARTESIAN_POINT('',(120.000000298023,98.5000014156103,-26.5000002235174));
#4169=CARTESIAN_POINT('Origin',(120.000000298023,98.5000014156103,-11.5000002235174));
#4170=CARTESIAN_POINT('Origin',(133.000000298023,98.5000014156103,-11.5000002235174));
#4171=CARTESIAN_POINT('Origin',(120.000000298023,98.5000014156103,-11.5000002235174));
#4172=CARTESIAN_POINT('Origin',(7.00000029802322,98.5000014156103,-11.5000002235174));
#4173=CARTESIAN_POINT('',(7.00000029802322,98.5000014156103,-23.2630002235174));
#4174=CARTESIAN_POINT('Origin',(7.00000029802322,98.5000014156103,-11.5000002235174));
#4175=CARTESIAN_POINT('',(20.0000002980232,98.5000014156103,-23.2630002235174));
#4176=CARTESIAN_POINT('',(7.00000029802322,98.5000014156103,-23.2630002235174));
#4177=CARTESIAN_POINT('Origin',(20.0000002980232,98.5000014156103,-11.5000002235174));
#4178=CARTESIAN_POINT('Origin',(20.0000002980232,98.5000014156103,-11.5000002235174));
#4179=CARTESIAN_POINT('',(7.00000029802322,98.5000014156103,-26.5000002235174));
#4180=CARTESIAN_POINT('Origin',(7.00000029802322,98.5000014156103,-11.5000002235174));
#4181=CARTESIAN_POINT('',(20.0000002980232,98.5000014156103,-26.5000002235174));
#4182=CARTESIAN_POINT('',(20.0000002980232,98.5000014156103,-26.5000002235174));
#4183=CARTESIAN_POINT('Origin',(20.0000002980232,98.5000014156103,-11.5000002235174));
#4184=CARTESIAN_POINT('Origin',(7.00000029802322,98.5000014156103,-11.5000002235174));
#4185=CARTESIAN_POINT('Origin',(20.0000002980232,98.5000014156103,-11.5000002235174));
#4186=CARTESIAN_POINT('Origin',(138.000000298023,98.5000014156103,-11.5000002235175));
#4187=CARTESIAN_POINT('',(138.000000298023,98.5000014156103,-15.5000002235175));
#4188=CARTESIAN_POINT('Origin',(138.000000298023,98.5000014156103,-11.5000002235175));
#4189=CARTESIAN_POINT('',(113.000000298023,98.5000014156103,-15.5000002235175));
#4190=CARTESIAN_POINT('',(138.000000298023,98.5000014156103,-15.5000002235175));
#4191=CARTESIAN_POINT('Origin',(113.000000298023,98.5000014156103,-11.5000002235175));
#4192=CARTESIAN_POINT('Origin',(133.000000298023,98.5000014156103,-11.5000002235175));
#4193=CARTESIAN_POINT('',(133.000000298023,113.73704017668,-3.26394231978268));
#4194=CARTESIAN_POINT('',(133.000000298023,98.9858854244711,5.81369137388409));
#4195=CARTESIAN_POINT('',(133.000000298023,113.73704017668,-3.26394231978268));
#4196=CARTESIAN_POINT('',(133.000000298023,113.251156167819,-20.5776339171843));
#4197=CARTESIAN_POINT('',(133.000000298023,113.251156167819,-20.5776339171843));
#4198=CARTESIAN_POINT('',(133.000000298023,98.0141174067496,-28.813691820919));
#4199=CARTESIAN_POINT('',(133.000000298023,98.0141174067496,-28.813691820919));
#4200=CARTESIAN_POINT('',(133.000000298023,83.262962654541,-19.7360581272522));
#4201=CARTESIAN_POINT('',(133.000000298023,83.262962654541,-19.7360581272522));
#4202=CARTESIAN_POINT('',(133.000000298023,83.7488466634018,-2.42236652985065));
#4203=CARTESIAN_POINT('',(133.000000298023,83.7488466634018,-2.42236652985065));
#4204=CARTESIAN_POINT('',(133.000000298023,98.9858854244711,5.81369137388409));
#4205=CARTESIAN_POINT('',(133.000000298023,98.5000014156103,-23.4250002235175));
#4206=CARTESIAN_POINT('Origin',(133.000000298023,98.5000014156103,-11.5000002235175));
#4207=CARTESIAN_POINT('Origin',(133.000000298023,113.251156167819,-20.5776339171843));
#4208=CARTESIAN_POINT('',(138.000000298023,113.73704017668,-3.26394231978268));
#4209=CARTESIAN_POINT('',(133.000000298023,113.73704017668,-3.26394231978268));
#4210=CARTESIAN_POINT('',(138.000000298023,113.251156167819,-20.5776339171843));
#4211=CARTESIAN_POINT('',(138.000000298023,113.251156167819,-20.5776339171843));
#4212=CARTESIAN_POINT('',(133.000000298023,113.251156167819,-20.5776339171843));
#4213=CARTESIAN_POINT('Origin',(133.000000298023,98.0141174067496,-28.813691820919));
#4214=CARTESIAN_POINT('',(138.000000298023,98.0141174067496,-28.813691820919));
#4215=CARTESIAN_POINT('',(138.000000298023,98.0141174067496,-28.813691820919));
#4216=CARTESIAN_POINT('',(133.000000298023,98.0141174067496,-28.813691820919));
#4217=CARTESIAN_POINT('Origin',(133.000000298023,83.262962654541,-19.7360581272522));
#4218=CARTESIAN_POINT('',(138.000000298023,83.262962654541,-19.7360581272522));
#4219=CARTESIAN_POINT('',(138.000000298023,83.262962654541,-19.7360581272522));
#4220=CARTESIAN_POINT('',(133.000000298023,83.262962654541,-19.7360581272522));
#4221=CARTESIAN_POINT('Origin',(133.000000298023,83.7488466634018,-2.42236652985065));
#4222=CARTESIAN_POINT('',(138.000000298023,83.7488466634018,-2.42236652985065));
#4223=CARTESIAN_POINT('',(138.000000298023,83.7488466634018,-2.42236652985065));
#4224=CARTESIAN_POINT('',(133.000000298023,83.7488466634018,-2.42236652985065));
#4225=CARTESIAN_POINT('Origin',(133.000000298023,98.9858854244711,5.81369137388409));
#4226=CARTESIAN_POINT('',(138.000000298023,98.9858854244711,5.81369137388409));
#4227=CARTESIAN_POINT('',(138.000000298023,98.9858854244711,5.81369137388409));
#4228=CARTESIAN_POINT('',(133.000000298023,98.9858854244711,5.81369137388409));
#4229=CARTESIAN_POINT('Origin',(133.000000298023,113.73704017668,-3.26394231978268));
#4230=CARTESIAN_POINT('',(138.000000298023,113.73704017668,-3.26394231978268));
#4231=CARTESIAN_POINT('Origin',(138.000000298023,98.5000014156103,-11.5000002235175));
#4232=CARTESIAN_POINT('Origin',(113.000000298023,98.5000014156103,-11.5000002235175));
#4233=CARTESIAN_POINT('',(113.000000298023,98.5000014156103,-23.4250002235175));
#4234=CARTESIAN_POINT('',(113.000000298023,98.5000014156103,-23.4250002235175));
#4235=CARTESIAN_POINT('Origin',(113.000000298023,98.5000014156103,-11.5000002235175));
#4236=CARTESIAN_POINT('Origin',(113.000000298023,98.5000014156103,-11.5000002235175));
#4237=CARTESIAN_POINT('Origin',(0.714768435521798,99.9026277321638,-11.9286973158422));
#4238=CARTESIAN_POINT('',(0.714768435521798,99.9026277321638,-7.92869731584224));
#4239=CARTESIAN_POINT('Origin',(0.714768435521798,99.9026277321638,-11.9286973158422));
#4240=CARTESIAN_POINT('',(25.7147684355218,99.9026277321638,-7.92869731584224));
#4241=CARTESIAN_POINT('',(0.714768435521798,99.9026277321638,-7.92869731584222));
#4242=CARTESIAN_POINT('Origin',(25.7147684355218,99.9026277321638,-11.9286973158422));
#4243=CARTESIAN_POINT('Origin',(5.7147684355218,99.9026277321638,-11.9286973158422));
#4244=CARTESIAN_POINT('',(5.7147684355218,115.139666493233,-20.164755219577));
#4245=CARTESIAN_POINT('',(5.7147684355218,100.388511741025,-29.2423889132438));
#4246=CARTESIAN_POINT('',(5.7147684355218,115.139666493233,-20.164755219577));
#4247=CARTESIAN_POINT('',(5.7147684355218,114.653782484372,-2.85106362217542));
#4248=CARTESIAN_POINT('',(5.7147684355218,114.653782484372,-2.85106362217542));
#4249=CARTESIAN_POINT('',(5.7147684355218,99.416743723303,5.38499428155935));
#4250=CARTESIAN_POINT('',(5.7147684355218,99.416743723303,5.38499428155935));
#4251=CARTESIAN_POINT('',(5.7147684355218,84.6655889710945,-3.69263941210749));
#4252=CARTESIAN_POINT('',(5.7147684355218,84.6655889710945,-3.69263941210749));
#4253=CARTESIAN_POINT('',(5.7147684355218,85.1514729799552,-21.006331009509));
#4254=CARTESIAN_POINT('',(5.7147684355218,85.1514729799552,-21.006331009509));
#4255=CARTESIAN_POINT('',(5.7147684355218,100.388511741025,-29.2423889132438));
#4256=CARTESIAN_POINT('',(5.7147684355218,99.9026277321638,-0.00369731584223487));
#4257=CARTESIAN_POINT('Origin',(5.7147684355218,99.9026277321638,-11.9286973158422));
#4258=CARTESIAN_POINT('Origin',(5.7147684355218,114.653782484372,-2.85106362217542));
#4259=CARTESIAN_POINT('',(0.714768435521798,115.139666493233,-20.164755219577));
#4260=CARTESIAN_POINT('',(5.7147684355218,115.139666493233,-20.164755219577));
#4261=CARTESIAN_POINT('',(0.714768435521798,114.653782484372,-2.85106362217542));
#4262=CARTESIAN_POINT('',(0.714768435521798,114.653782484372,-2.85106362217542));
#4263=CARTESIAN_POINT('',(5.7147684355218,114.653782484372,-2.85106362217542));
#4264=CARTESIAN_POINT('Origin',(5.7147684355218,99.416743723303,5.38499428155935));
#4265=CARTESIAN_POINT('',(0.714768435521798,99.416743723303,5.38499428155935));
#4266=CARTESIAN_POINT('',(0.714768435521798,99.416743723303,5.38499428155935));
#4267=CARTESIAN_POINT('',(5.7147684355218,99.416743723303,5.38499428155935));
#4268=CARTESIAN_POINT('Origin',(5.7147684355218,84.6655889710945,-3.69263941210749));
#4269=CARTESIAN_POINT('',(0.714768435521798,84.6655889710945,-3.69263941210749));
#4270=CARTESIAN_POINT('',(0.714768435521798,84.6655889710945,-3.69263941210749));
#4271=CARTESIAN_POINT('',(5.7147684355218,84.6655889710945,-3.69263941210749));
#4272=CARTESIAN_POINT('Origin',(5.7147684355218,85.1514729799552,-21.006331009509));
#4273=CARTESIAN_POINT('',(0.714768435521798,85.1514729799552,-21.006331009509));
#4274=CARTESIAN_POINT('',(0.714768435521798,85.1514729799552,-21.006331009509));
#4275=CARTESIAN_POINT('',(5.7147684355218,85.1514729799552,-21.006331009509));
#4276=CARTESIAN_POINT('Origin',(5.7147684355218,100.388511741025,-29.2423889132438));
#4277=CARTESIAN_POINT('',(0.714768435521798,100.388511741025,-29.2423889132438));
#4278=CARTESIAN_POINT('',(0.714768435521798,100.388511741025,-29.2423889132438));
#4279=CARTESIAN_POINT('',(5.7147684355218,100.388511741025,-29.2423889132438));
#4280=CARTESIAN_POINT('Origin',(5.7147684355218,115.139666493233,-20.164755219577));
#4281=CARTESIAN_POINT('',(0.714768435521798,115.139666493233,-20.164755219577));
#4282=CARTESIAN_POINT('Origin',(0.714768435521798,99.9026277321638,-11.9286973158422));
#4283=CARTESIAN_POINT('Origin',(25.7147684355218,99.9026277321638,-11.9286973158422));
#4284=CARTESIAN_POINT('',(25.7147684355218,99.9026277321638,-0.00369731584223487));
#4285=CARTESIAN_POINT('',(25.7147684355218,99.9026277321638,-0.00369731584222377));
#4286=CARTESIAN_POINT('Origin',(25.7147684355218,99.9026277321638,-11.9286973158422));
#4287=CARTESIAN_POINT('Origin',(25.7147684355218,99.9026277321638,-11.9286973158422));
#4288=CARTESIAN_POINT('Origin',(70.,113.500001743436,-48.5000017434359));
#4289=CARTESIAN_POINT('',(19.,111.500001743436,-48.5000017434359));
#4290=CARTESIAN_POINT('Origin',(70.,111.500001743436,-48.5000017434359));
#4291=CARTESIAN_POINT('',(19.,113.500001743436,-48.5000017434359));
#4292=CARTESIAN_POINT('',(19.,113.500001743436,-48.5000017434359));
#4293=CARTESIAN_POINT('Origin',(70.,113.500001743436,-48.5000017434359));
#4294=CARTESIAN_POINT('Origin',(70.,111.500001743436,-48.5000017434359));
#4295=CARTESIAN_POINT('Origin',(70.,113.500001743436,-48.5000017434359));
#4296=CARTESIAN_POINT('Origin',(70.,13.5000017434359,-48.5000017434359));
#4297=CARTESIAN_POINT('',(110.000000849366,53.5000017434359,-48.5000017434359));
#4298=CARTESIAN_POINT('Origin',(70.,53.5000017434359,-48.5000017434359));
#4299=CARTESIAN_POINT('',(110.,63.5000017434359,-48.5000017434359));
#4300=CARTESIAN_POINT('',(110.,13.5000017434359,-48.5000017434359));
#4301=CARTESIAN_POINT('Origin',(70.,63.5000017434359,-48.5000017434359));
#4302=CARTESIAN_POINT('Origin',(70.,13.5000017434359,-48.5000017434359));
#4303=CARTESIAN_POINT('',(110.,43.5000017434359,-48.5000017434359));
#4304=CARTESIAN_POINT('Origin',(70.,43.5000017434359,-48.5000017434359));
#4305=CARTESIAN_POINT('',(110.000000849366,51.5000017434359,-48.5000017434359));
#4306=CARTESIAN_POINT('',(110.,13.5000017434359,-48.5000017434359));
#4307=CARTESIAN_POINT('Origin',(70.,51.5000017434359,-48.5000017434359));
#4308=CARTESIAN_POINT('Origin',(70.,83.5000017434359,-48.5000017434359));
#4309=CARTESIAN_POINT('',(116.7631,63.5000017434359,-48.5000017434359));
#4310=CARTESIAN_POINT('Origin',(70.,63.5000017434359,-48.5000017434359));
#4311=CARTESIAN_POINT('',(116.7631,83.5000017434359,-48.5000017434359));
#4312=CARTESIAN_POINT('',(116.7631,83.5000017434359,-48.5000017434359));
#4313=CARTESIAN_POINT('Origin',(70.,83.5000017434359,-48.5000017434359));
#4314=CARTESIAN_POINT('Origin',(70.,83.5000017434359,-48.5000017434359));
#4315=CARTESIAN_POINT('',(19.,83.5000017434359,-48.5000017434359));
#4316=CARTESIAN_POINT('Origin',(70.,83.5000017434359,-48.5000017434359));
#4317=CARTESIAN_POINT('Origin',(70.,43.5000017434359,-48.5000017434359));
#4318=CARTESIAN_POINT('',(19.,43.5000017434359,-48.5000017434359));
#4319=CARTESIAN_POINT('Origin',(70.,43.5000017434359,-48.5000017434359));
#4320=CARTESIAN_POINT('Origin',(70.,-36.4999982565641,-48.5000017434359));
#4321=CARTESIAN_POINT('',(19.,-36.4999982565641,-48.5000017434359));
#4322=CARTESIAN_POINT('Origin',(70.,63.5000017434359,-48.5000017434359));
#4323=CARTESIAN_POINT('Origin',(70.,51.5000017434359,-48.5000017434359));
#4324=CARTESIAN_POINT('Origin',(70.,53.5000017434359,-48.5000017434359));
#4325=CARTESIAN_POINT('Origin',(70.2663720483719,101.090111658219,-123.500001743436));
#4326=CARTESIAN_POINT('',(65.2663720483719,101.090111658219,-123.500001743436));
#4327=CARTESIAN_POINT('Origin',(70.2663720483719,101.090111658219,-123.500001743436));
#4328=CARTESIAN_POINT('Origin',(70.2663720483719,101.090111658219,-123.500001743436));
#4329=CARTESIAN_POINT('',(32.7663720483719,101.090111658219,-123.500001743436));
#4330=CARTESIAN_POINT('Origin',(70.2663720483719,101.090111658219,-123.500001743436));
#4331=CARTESIAN_POINT('',(57.7663720483719,101.090111658219,-123.500001743436));
#4332=CARTESIAN_POINT('Origin',(70.2663720483719,101.090111658219,-123.500001743436));
#4333=CARTESIAN_POINT('Origin',(70.2663720483719,101.090111658219,-123.500001743436));
#4334=CARTESIAN_POINT('',(32.7663720483719,101.090111658219,-133.500001743436));
#4335=CARTESIAN_POINT('Origin',(70.2663720483719,101.090111658219,-133.500001743436));
#4336=CARTESIAN_POINT('',(32.7663720483719,101.090111658219,-123.500001743436));
#4337=CARTESIAN_POINT('Origin',(70.2663720483719,101.090111658219,-133.500001743436));
#4338=CARTESIAN_POINT('Origin',(70.2663720483719,101.090111658219,-113.500001743436));
#4339=CARTESIAN_POINT('',(57.7663720483719,101.090111658219,-113.500001743436));
#4340=CARTESIAN_POINT('Origin',(70.2663720483719,101.090111658219,-113.500001743436));
#4341=CARTESIAN_POINT('',(61.3413720483719,101.090111658219,-113.500001743436));
#4342=CARTESIAN_POINT('Origin',(70.2663720483719,101.090111658219,-113.500001743436));
#4343=CARTESIAN_POINT('Origin',(70.2663720483719,101.090111658219,-113.500001743436));
#4344=CARTESIAN_POINT('',(57.7663720483719,101.090111658219,-113.500001743436));
#4345=CARTESIAN_POINT('Origin',(70.2663720483719,101.090111658219,-113.500001743436));
#4346=CARTESIAN_POINT('',(65.2663720483719,101.090111658219,-93.5000017434359));
#4347=CARTESIAN_POINT('',(65.2663720483719,101.090111658219,-113.500001743436));
#4348=CARTESIAN_POINT('Origin',(70.2663720483719,101.090111658219,-93.5000017434359));
#4349=CARTESIAN_POINT('Origin',(70.2663720483719,101.090111658219,-93.5000017434359));
#4350=CARTESIAN_POINT('',(61.3413720483719,101.090111658219,-93.5000017434359));
#4351=CARTESIAN_POINT('',(61.3413720483719,101.090111658219,-93.5000017434359));
#4352=CARTESIAN_POINT('Origin',(70.2663720483719,101.090111658219,-93.5000017434359));
#4353=CARTESIAN_POINT('Origin',(97.0000010430813,78.5000014156103,-93.5000017434359));
#4354=CARTESIAN_POINT('Origin',(-59.0000001341105,140.500001743436,-113.500001743436));
#4355=CARTESIAN_POINT('',(-59.0000001341105,140.500001743436,-163.500001743436));
#4356=CARTESIAN_POINT('',(-59.0000001341105,140.500001743436,86.5000004917383));
#4357=CARTESIAN_POINT('',(-59.0000001341105,140.500001743436,-113.500001743436));
#4358=CARTESIAN_POINT('',(-59.0000001341105,150.500001743436,86.5000004917383));
#4359=CARTESIAN_POINT('',(-59.0000001341105,140.500001743436,86.5000004917383));
#4360=CARTESIAN_POINT('',(-59.0000001341105,150.500001743436,-163.500001743436));
#4361=CARTESIAN_POINT('',(-59.0000001341105,150.500001743436,36.5000004917383));
#4362=CARTESIAN_POINT('',(-59.0000001341105,140.500001743436,-163.500001743436));
#4363=CARTESIAN_POINT('Origin',(200.,140.500001743436,36.4999982565641));
#4364=CARTESIAN_POINT('',(200.,140.500001743436,86.4999982565641));
#4365=CARTESIAN_POINT('',(200.,140.500001743436,-163.500001743436));
#4366=CARTESIAN_POINT('',(200.,140.500001743436,36.4999982565641));
#4367=CARTESIAN_POINT('',(200.,150.500001743436,-163.500001743436));
#4368=CARTESIAN_POINT('',(200.,140.500001743436,-163.500001743436));
#4369=CARTESIAN_POINT('',(200.,150.500001743436,86.4999982565641));
#4370=CARTESIAN_POINT('',(200.,150.500001743436,-113.500001743436));
#4371=CARTESIAN_POINT('',(200.,140.500001743436,86.4999982565641));
#4372=CARTESIAN_POINT('Origin',(150.,140.500001743436,-163.500001743436));
#4373=CARTESIAN_POINT('',(175.,140.500001743436,-163.500001743436));
#4374=CARTESIAN_POINT('',(-34.0000001341105,150.500001743436,-163.500001743436));
#4375=CARTESIAN_POINT('Origin',(-9.00000013411045,140.500001743436,86.5000004917383));
#4376=CARTESIAN_POINT('',(-34.0000001341105,140.500001743436,86.5000004917383));
#4377=CARTESIAN_POINT('',(175.,150.500001743436,86.4999982565641));
#4378=CARTESIAN_POINT('Origin',(70.0000010430813,140.500001743436,18.0000002160668));
#4379=CARTESIAN_POINT('',(66.5000009909272,150.500001743436,18.0000002160668));
#4380=CARTESIAN_POINT('Origin',(70.0000010430813,150.500001743436,18.0000002160668));
#4381=CARTESIAN_POINT('',(66.5000009909272,140.500001743436,18.0000002160668));
#4382=CARTESIAN_POINT('',(66.5000009909272,140.500001743436,18.0000002160668));
#4383=CARTESIAN_POINT('Origin',(70.0000010430813,140.500001743436,18.0000002160668));
#4384=CARTESIAN_POINT('Origin',(9.00000013411045,140.500001743436,-86.5000013411045));
#4385=CARTESIAN_POINT('',(5.39444880491956,150.500001743436,-86.5000013411045));
#4386=CARTESIAN_POINT('Origin',(9.00000013411045,150.500001743436,-86.5000013411045));
#4387=CARTESIAN_POINT('',(5.39444880491956,140.500001743436,-86.5000013411045));
#4388=CARTESIAN_POINT('',(5.39444880491956,140.500001743436,-86.5000013411045));
#4389=CARTESIAN_POINT('Origin',(9.00000013411045,140.500001743436,-86.5000013411045));
#4390=CARTESIAN_POINT('Origin',(131.500001959503,140.500001743436,-87.0000013485551));
#4391=CARTESIAN_POINT('',(127.964468000886,150.500001743436,-87.0000013485551));
#4392=CARTESIAN_POINT('Origin',(131.500001959503,150.500001743436,-87.0000013485551));
#4393=CARTESIAN_POINT('',(127.964468000886,140.500001743436,-87.0000013485551));
#4394=CARTESIAN_POINT('',(127.964468000886,140.500001743436,-87.0000013485551));
#4395=CARTESIAN_POINT('Origin',(131.500001959503,140.500001743436,-87.0000013485551));
#4396=CARTESIAN_POINT('Origin',(70.4999999329448,140.500001743436,-38.5000006258488));
#4397=CARTESIAN_POINT('Origin',(70.4999999329448,150.500001743436,-38.5000006258488));
#4398=CARTESIAN_POINT('Origin',(-16.5000018775463,99.5000015646219,-6.50000014901163));
#4399=CARTESIAN_POINT('',(-20.0000018775463,99.5000015646219,78.4999998509884));
#4400=CARTESIAN_POINT('Origin',(-16.5000018775463,99.5000015646219,78.4999998509884));
#4401=CARTESIAN_POINT('',(-20.0000018775463,99.5000015646219,-6.50000014901163));
#4402=CARTESIAN_POINT('',(-20.0000018775463,99.5000015646219,-6.50000014901163));
#4403=CARTESIAN_POINT('Origin',(-16.5000018775463,99.5000015646219,-6.50000014901163));
#4404=CARTESIAN_POINT('Origin',(-16.5000018775463,99.5000015646219,78.4999998509884));
#4405=CARTESIAN_POINT('Origin',(-11.9999997019768,99.5000015646219,-11.5000002235175));
#4406=CARTESIAN_POINT('',(-11.9999997019768,104.500001639128,-16.5000002980233));
#4407=CARTESIAN_POINT('',(-11.9999997019768,104.500001639128,-6.50000014901163));
#4408=CARTESIAN_POINT('',(-11.9999997019768,104.500001639128,-16.5000002980233));
#4409=CARTESIAN_POINT('',(-11.9999997019768,94.5000014901161,-6.50000014901163));
#4410=CARTESIAN_POINT('',(-11.9999997019768,104.500001639128,-6.50000014901163));
#4411=CARTESIAN_POINT('',(-11.9999997019768,94.5000014901161,-16.5000002980233));
#4412=CARTESIAN_POINT('',(-11.9999997019768,94.5000014901161,-6.50000014901163));
#4413=CARTESIAN_POINT('',(-11.9999997019768,94.5000014901161,-16.5000002980233));
#4414=CARTESIAN_POINT('',(-11.9999997019768,99.5000015646219,-15.5000002235175));
#4415=CARTESIAN_POINT('Origin',(-11.9999997019768,99.5000015646219,-11.5000002235175));
#4416=CARTESIAN_POINT('Origin',(-11.9999997019768,94.5000014901161,-6.50000014901163));
#4417=CARTESIAN_POINT('',(-20.9999997019768,104.500001639128,-6.50000014901163));
#4418=CARTESIAN_POINT('',(-11.9999997019768,104.500001639128,-6.50000014901163));
#4419=CARTESIAN_POINT('',(-20.9999997019768,94.5000014901161,-6.50000014901163));
#4420=CARTESIAN_POINT('',(-20.9999997019768,104.500001639128,-6.50000014901163));
#4421=CARTESIAN_POINT('',(-11.9999997019768,94.5000014901161,-6.50000014901163));
#4422=CARTESIAN_POINT('Origin',(-11.9999997019768,94.5000014901161,-16.5000002980233));
#4423=CARTESIAN_POINT('',(-20.9999997019768,94.5000014901161,-16.5000002980233));
#4424=CARTESIAN_POINT('',(-20.9999997019768,94.5000014901161,-6.50000014901163));
#4425=CARTESIAN_POINT('',(-11.9999997019768,94.5000014901161,-16.5000002980233));
#4426=CARTESIAN_POINT('Origin',(-11.9999997019768,104.500001639128,-16.5000002980233));
#4427=CARTESIAN_POINT('',(-20.9999997019768,104.500001639128,-16.5000002980233));
#4428=CARTESIAN_POINT('',(-20.9999997019768,94.5000014901161,-16.5000002980233));
#4429=CARTESIAN_POINT('',(-11.9999997019768,104.500001639128,-16.5000002980233));
#4430=CARTESIAN_POINT('Origin',(-11.9999997019768,104.500001639128,-6.50000014901163));
#4431=CARTESIAN_POINT('',(-20.9999997019768,104.500001639128,-16.5000002980233));
#4432=CARTESIAN_POINT('Origin',(-20.9999997019768,99.5000015646219,-11.5000002235175));
#4433=CARTESIAN_POINT('Origin',(8.00000029802323,99.5000015646219,-11.5000002235175));
#4434=CARTESIAN_POINT('',(8.00000029802323,99.5000015646219,-15.5000002235175));
#4435=CARTESIAN_POINT('',(8.00000029802323,99.5000015646219,-15.5000002235175));
#4436=CARTESIAN_POINT('Origin',(8.00000029802323,99.5000015646219,-11.5000002235175));
#4437=CARTESIAN_POINT('Origin',(8.00000029802323,99.5000015646219,-11.5000002235175));
#4438=CARTESIAN_POINT('Origin',(70.2663720483719,101.090111658219,-133.500001743436));
#4439=CARTESIAN_POINT('',(32.7663720483719,101.090111658219,-228.500001743436));
#4440=CARTESIAN_POINT('Origin',(70.2663720483719,101.090111658219,-228.500001743436));
#4441=CARTESIAN_POINT('',(32.7663720483719,101.090111658219,-133.500001743436));
#4442=CARTESIAN_POINT('',(32.7663720483719,101.090111658219,-133.500001743436));
#4443=CARTESIAN_POINT('Origin',(70.2663720483719,101.090111658219,-133.500001743436));
#4444=CARTESIAN_POINT('Origin',(70.2663720483719,101.090111658219,-228.500001743436));
#4445=CARTESIAN_POINT('Origin',(70.2663720483719,101.090111658219,-133.500001743436));
#4446=CARTESIAN_POINT('Origin',(138.000000298023,98.5000014156103,-11.5000002235175));
#4447=CARTESIAN_POINT('',(143.000000298023,98.5000014156103,-15.5000002235175));
#4448=CARTESIAN_POINT('Origin',(143.000000298023,98.5000014156103,-11.5000002235175));
#4449=CARTESIAN_POINT('',(138.000000298023,98.5000014156103,-15.5000002235175));
#4450=CARTESIAN_POINT('',(138.000000298023,98.5000014156103,-15.5000002235175));
#4451=CARTESIAN_POINT('Origin',(138.000000298023,98.5000014156103,-11.5000002235175));
#4452=CARTESIAN_POINT('Origin',(138.000000298023,98.0141174067496,-28.813691820919));
#4453=CARTESIAN_POINT('',(138.000000298023,98.0141174067496,-28.813691820919));
#4454=CARTESIAN_POINT('',(138.000000298023,113.251156167819,-20.5776339171843));
#4455=CARTESIAN_POINT('',(138.000000298023,98.0141174067496,-28.813691820919));
#4456=CARTESIAN_POINT('',(143.000000298023,113.251156167819,-20.5776339171843));
#4457=CARTESIAN_POINT('',(138.000000298023,113.251156167819,-20.5776339171843));
#4458=CARTESIAN_POINT('',(143.000000298023,98.0141174067496,-28.813691820919));
#4459=CARTESIAN_POINT('',(143.000000298023,98.0141174067496,-28.813691820919));
#4460=CARTESIAN_POINT('',(138.000000298023,98.0141174067496,-28.813691820919));
#4461=CARTESIAN_POINT('Origin',(138.000000298023,83.262962654541,-19.7360581272522));
#4462=CARTESIAN_POINT('',(138.000000298023,83.262962654541,-19.7360581272522));
#4463=CARTESIAN_POINT('',(138.000000298023,83.262962654541,-19.7360581272522));
#4464=CARTESIAN_POINT('',(143.000000298023,83.262962654541,-19.7360581272522));
#4465=CARTESIAN_POINT('',(143.000000298023,83.262962654541,-19.7360581272522));
#4466=CARTESIAN_POINT('',(138.000000298023,83.262962654541,-19.7360581272522));
#4467=CARTESIAN_POINT('Origin',(138.000000298023,83.7488466634018,-2.42236652985065));
#4468=CARTESIAN_POINT('',(138.000000298023,83.7488466634018,-2.42236652985065));
#4469=CARTESIAN_POINT('',(138.000000298023,83.7488466634018,-2.42236652985065));
#4470=CARTESIAN_POINT('',(143.000000298023,83.7488466634018,-2.42236652985065));
#4471=CARTESIAN_POINT('',(143.000000298023,83.7488466634018,-2.42236652985065));
#4472=CARTESIAN_POINT('',(138.000000298023,83.7488466634018,-2.42236652985065));
#4473=CARTESIAN_POINT('Origin',(138.000000298023,98.9858854244711,5.81369137388409));
#4474=CARTESIAN_POINT('',(138.000000298023,98.9858854244711,5.81369137388409));
#4475=CARTESIAN_POINT('',(138.000000298023,98.9858854244711,5.81369137388409));
#4476=CARTESIAN_POINT('',(143.000000298023,98.9858854244711,5.81369137388409));
#4477=CARTESIAN_POINT('',(143.000000298023,98.9858854244711,5.81369137388409));
#4478=CARTESIAN_POINT('',(138.000000298023,98.9858854244711,5.81369137388409));
#4479=CARTESIAN_POINT('Origin',(138.000000298023,113.73704017668,-3.26394231978268));
#4480=CARTESIAN_POINT('',(138.000000298023,113.73704017668,-3.26394231978268));
#4481=CARTESIAN_POINT('',(138.000000298023,113.73704017668,-3.26394231978268));
#4482=CARTESIAN_POINT('',(143.000000298023,113.73704017668,-3.26394231978268));
#4483=CARTESIAN_POINT('',(143.000000298023,113.73704017668,-3.26394231978268));
#4484=CARTESIAN_POINT('',(138.000000298023,113.73704017668,-3.26394231978268));
#4485=CARTESIAN_POINT('Origin',(138.000000298023,113.251156167819,-20.5776339171843));
#4486=CARTESIAN_POINT('',(138.000000298023,113.251156167819,-20.5776339171843));
#4487=CARTESIAN_POINT('',(143.000000298023,113.251156167819,-20.5776339171843));
#4488=CARTESIAN_POINT('Origin',(143.000000298023,98.5000014156103,-11.5000002235175));
#4489=CARTESIAN_POINT('Origin',(138.000000298023,98.5000014156103,-11.5000002235175));
#4490=CARTESIAN_POINT('Origin',(161.000002399087,98.5000014156103,-43.5000017434359));
#4491=CARTESIAN_POINT('',(143.500002399087,98.5000014156103,16.4999982565641));
#4492=CARTESIAN_POINT('Origin',(161.000002399087,98.5000014156103,16.4999982565641));
#4493=CARTESIAN_POINT('',(143.500002399087,98.5000014156103,-43.5000017434359));
#4494=CARTESIAN_POINT('',(143.500002399087,98.5000014156103,-43.5000017434359));
#4495=CARTESIAN_POINT('Origin',(161.000002399087,98.5000014156103,-43.5000017434359));
#4496=CARTESIAN_POINT('Origin',(161.000002399087,98.5000014156103,16.4999982565641));
#4497=CARTESIAN_POINT('Origin',(161.000002399087,98.5000014156103,-43.5000017434359));
#4498=CARTESIAN_POINT('Ctrl Pts',(161.000002399087,116.00000141561,36.4999982565641));
#4499=CARTESIAN_POINT('Ctrl Pts',(143.500002399087,116.00000141561,36.4999982565641));
#4500=CARTESIAN_POINT('Ctrl Pts',(143.500002399087,98.5000014156103,36.4999982565641));
#4501=CARTESIAN_POINT('Ctrl Pts',(143.500002399087,81.0000014156103,36.4999982565641));
#4502=CARTESIAN_POINT('Ctrl Pts',(161.000002399087,81.0000014156103,36.4999982565641));
#4503=CARTESIAN_POINT('Ctrl Pts',(178.500002399087,81.0000014156103,36.4999982565641));
#4504=CARTESIAN_POINT('Ctrl Pts',(178.500002399087,98.5000014156103,36.4999982565641));
#4505=CARTESIAN_POINT('Ctrl Pts',(178.500002399087,116.00000141561,36.4999982565641));
#4506=CARTESIAN_POINT('Ctrl Pts',(161.000002399087,116.00000141561,36.4999982565641));
#4507=CARTESIAN_POINT('Ctrl Pts',(161.000002399087,116.00000141561,46.4999982565641));
#4508=CARTESIAN_POINT('Ctrl Pts',(143.500002399087,116.00000141561,46.4999982565641));
#4509=CARTESIAN_POINT('Ctrl Pts',(143.500002399087,98.5000014156103,46.4999982565641));
#4510=CARTESIAN_POINT('Ctrl Pts',(143.500002399087,81.0000014156103,46.4999982565641));
#4511=CARTESIAN_POINT('Ctrl Pts',(161.000002399087,81.0000014156103,46.4999982565641));
#4512=CARTESIAN_POINT('Ctrl Pts',(178.500002399087,81.0000014156103,46.4999982565641));
#4513=CARTESIAN_POINT('Ctrl Pts',(178.500002399087,98.5000014156103,46.4999982565641));
#4514=CARTESIAN_POINT('Ctrl Pts',(178.500002399087,116.00000141561,46.4999982565641));
#4515=CARTESIAN_POINT('Ctrl Pts',(161.000002399087,116.00000141561,46.4999982565641));
#4516=CARTESIAN_POINT('Ctrl Pts',(161.000002399087,106.00000141561,46.4999982565641));
#4517=CARTESIAN_POINT('Ctrl Pts',(153.500002399087,106.00000141561,46.4999982565641));
#4518=CARTESIAN_POINT('Ctrl Pts',(153.500002399087,98.5000014156103,46.4999982565641));
#4519=CARTESIAN_POINT('Ctrl Pts',(153.500002399087,91.0000014156103,46.4999982565641));
#4520=CARTESIAN_POINT('Ctrl Pts',(161.000002399087,91.0000014156103,46.4999982565641));
#4521=CARTESIAN_POINT('Ctrl Pts',(168.500002399087,91.0000014156103,46.4999982565641));
#4522=CARTESIAN_POINT('Ctrl Pts',(168.500002399087,98.5000014156103,46.4999982565641));
#4523=CARTESIAN_POINT('Ctrl Pts',(168.500002399087,106.00000141561,46.4999982565641));
#4524=CARTESIAN_POINT('Ctrl Pts',(161.000002399087,106.00000141561,46.4999982565641));
#4525=CARTESIAN_POINT('',(161.000002399087,106.00000141561,46.4999982565641));
#4526=CARTESIAN_POINT('Origin',(161.000002399087,98.5000014156103,46.4999982565641));
#4527=CARTESIAN_POINT('',(161.000002399087,116.00000141561,36.4999982565641));
#4528=CARTESIAN_POINT('Origin',(161.000002399087,106.00000141561,36.4999982565641));
#4529=CARTESIAN_POINT('',(143.500002399087,98.5000014156103,36.4999982565641));
#4530=CARTESIAN_POINT('Origin',(161.000002399087,98.5000014156103,36.4999982565641));
#4531=CARTESIAN_POINT('Origin',(161.000002399087,98.5000014156103,36.4999982565641));
#4532=CARTESIAN_POINT('Origin',(161.000002399087,98.5000014156103,16.4999982565641));
#4533=CARTESIAN_POINT('',(143.500002399087,98.5000014156103,16.4999982565641));
#4534=CARTESIAN_POINT('',(143.500002399087,98.5000014156103,16.4999982565641));
#4535=CARTESIAN_POINT('Origin',(161.000002399087,98.5000014156103,16.4999982565641));
#4536=CARTESIAN_POINT('Origin',(161.000002399087,98.5000014156103,46.4999982565641));
#4537=CARTESIAN_POINT('Origin',(161.000002399087,98.5000014156103,16.4999982565641));
#4538=CARTESIAN_POINT('Origin',(131.500001959503,100.500001743436,-87.0000013485551));
#4539=CARTESIAN_POINT('',(135.035535918119,100.500001743436,-87.0000013485551));
#4540=CARTESIAN_POINT('Origin',(131.500001959503,100.500001743436,-87.0000013485551));
#4541=CARTESIAN_POINT('Origin',(131.500001959503,175.500001743436,-87.0000013485551));
#4542=CARTESIAN_POINT('',(135.035535918119,170.500001743436,-87.0000013485551));
#4543=CARTESIAN_POINT('',(135.035535918119,175.500001743436,-87.0000013485551));
#4544=CARTESIAN_POINT('Origin',(131.500001959503,170.500001743436,-87.0000013485551));
#4545=CARTESIAN_POINT('Origin',(131.500001959503,170.500001743436,-87.0000013485551));
#4546=CARTESIAN_POINT('Origin',(9.50000195950269,100.500001743436,-87.0000013485551));
#4547=CARTESIAN_POINT('',(13.035535918119,100.500001743436,-87.0000013485551));
#4548=CARTESIAN_POINT('Origin',(9.50000195950269,100.500001743436,-87.0000013485551));
#4549=CARTESIAN_POINT('Origin',(9.50000195950269,175.500001743436,-87.0000013485551));
#4550=CARTESIAN_POINT('',(13.035535918119,170.500001743436,-87.0000013485551));
#4551=CARTESIAN_POINT('',(13.035535918119,175.500001743436,-87.0000013485551));
#4552=CARTESIAN_POINT('Origin',(9.50000195950269,170.500001743436,-87.0000013485551));
#4553=CARTESIAN_POINT('Origin',(9.50000195950269,170.500001743436,-87.0000013485551));
#4554=CARTESIAN_POINT('Origin',(70.0000019595027,100.500001743436,17.9999986514449));
#4555=CARTESIAN_POINT('',(73.535535918119,100.500001743436,17.9999986514449));
#4556=CARTESIAN_POINT('Origin',(70.0000019595027,100.500001743436,17.9999986514449));
#4557=CARTESIAN_POINT('Origin',(70.0000019595027,175.500001743436,17.9999986514449));
#4558=CARTESIAN_POINT('',(73.535535918119,170.500001743436,17.9999986514449));
#4559=CARTESIAN_POINT('',(73.535535918119,175.500001743436,17.9999986514449));
#4560=CARTESIAN_POINT('Origin',(70.0000019595027,170.500001743436,17.9999986514449));
#4561=CARTESIAN_POINT('Origin',(70.0000019595027,170.500001743436,17.9999986514449));
#4562=CARTESIAN_POINT('Ctrl Pts',(106.502978189883,188.053692765277,-113.50152611183));
#4563=CARTESIAN_POINT('Ctrl Pts',(105.949288017408,225.556666648724,-113.50152611183));
#4564=CARTESIAN_POINT('Ctrl Pts',(68.4463141339607,225.002976476249,-113.50152611183));
#4565=CARTESIAN_POINT('Ctrl Pts',(30.9433402505134,224.449286303774,-113.50152611183));
#4566=CARTESIAN_POINT('Ctrl Pts',(31.4970304229883,186.946312420327,-113.50152611183));
#4567=CARTESIAN_POINT('Ctrl Pts',(106.502978189883,188.053692765277,-118.50152611183));
#4568=CARTESIAN_POINT('Ctrl Pts',(105.949288017408,225.556666648724,-118.50152611183));
#4569=CARTESIAN_POINT('Ctrl Pts',(68.4463141339607,225.002976476249,-118.50152611183));
#4570=CARTESIAN_POINT('Ctrl Pts',(30.9433402505134,224.449286303774,-118.50152611183));
#4571=CARTESIAN_POINT('Ctrl Pts',(31.4970304229883,186.946312420327,-118.50152611183));
#4572=CARTESIAN_POINT('Ctrl Pts',(101.502978189883,188.053692765277,-118.50152611183));
#4573=CARTESIAN_POINT('Ctrl Pts',(100.949288017408,220.556666648724,-118.50152611183));
#4574=CARTESIAN_POINT('Ctrl Pts',(68.4463141339607,220.002976476249,-118.50152611183));
#4575=CARTESIAN_POINT('Ctrl Pts',(35.9433402505134,219.449286303774,-118.50152611183));
#4576=CARTESIAN_POINT('Ctrl Pts',(36.4970304229883,186.946312420327,-118.50152611183));
#4577=CARTESIAN_POINT('Ctrl Pts',(96.5029781898829,188.053692765277,-118.50152611183));
#4578=CARTESIAN_POINT('Ctrl Pts',(95.9492880174079,215.556666648724,-118.50152611183));
#4579=CARTESIAN_POINT('Ctrl Pts',(68.4463141339607,215.002976476249,-118.50152611183));
#4580=CARTESIAN_POINT('Ctrl Pts',(40.9433402505134,214.449286303774,-118.50152611183));
#4581=CARTESIAN_POINT('Ctrl Pts',(41.4970304229883,186.946312420327,-118.50152611183));
#4582=CARTESIAN_POINT('Ctrl Pts',(96.5029781898829,188.053692765277,-113.50152611183));
#4583=CARTESIAN_POINT('Ctrl Pts',(95.9492880174079,215.556666648724,-113.50152611183));
#4584=CARTESIAN_POINT('Ctrl Pts',(68.4463141339607,215.002976476249,-113.50152611183));
#4585=CARTESIAN_POINT('Ctrl Pts',(40.9433402505134,214.449286303774,-113.50152611183));
#4586=CARTESIAN_POINT('Ctrl Pts',(41.4970304229883,186.946312420327,-113.50152611183));
#4587=CARTESIAN_POINT('Ctrl Pts',(96.5029781898829,188.053692765277,-108.50152611183));
#4588=CARTESIAN_POINT('Ctrl Pts',(95.9492880174079,215.556666648724,-108.50152611183));
#4589=CARTESIAN_POINT('Ctrl Pts',(68.4463141339607,215.002976476249,-108.50152611183));
#4590=CARTESIAN_POINT('Ctrl Pts',(40.9433402505134,214.449286303774,-108.50152611183));
#4591=CARTESIAN_POINT('Ctrl Pts',(41.4970304229883,186.946312420327,-108.50152611183));
#4592=CARTESIAN_POINT('Ctrl Pts',(101.502978189883,188.053692765277,-108.50152611183));
#4593=CARTESIAN_POINT('Ctrl Pts',(100.949288017408,220.556666648724,-108.50152611183));
#4594=CARTESIAN_POINT('Ctrl Pts',(68.4463141339607,220.002976476249,-108.50152611183));
#4595=CARTESIAN_POINT('Ctrl Pts',(35.9433402505134,219.449286303774,-108.50152611183));
#4596=CARTESIAN_POINT('Ctrl Pts',(36.4970304229883,186.946312420327,-108.50152611183));
#4597=CARTESIAN_POINT('Ctrl Pts',(106.502978189883,188.053692765277,-108.50152611183));
#4598=CARTESIAN_POINT('Ctrl Pts',(105.949288017408,225.556666648724,-108.50152611183));
#4599=CARTESIAN_POINT('Ctrl Pts',(68.4463141339607,225.002976476249,-108.50152611183));
#4600=CARTESIAN_POINT('Ctrl Pts',(30.9433402505134,224.449286303774,-108.50152611183));
#4601=CARTESIAN_POINT('Ctrl Pts',(31.4970304229883,186.946312420327,-108.50152611183));
#4602=CARTESIAN_POINT('Ctrl Pts',(106.502978189883,188.053692765277,-113.50152611183));
#4603=CARTESIAN_POINT('Ctrl Pts',(105.949288017408,225.556666648724,-113.50152611183));
#4604=CARTESIAN_POINT('Ctrl Pts',(68.4463141339607,225.002976476249,-113.50152611183));
#4605=CARTESIAN_POINT('Ctrl Pts',(30.9433402505134,224.449286303774,-113.50152611183));
#4606=CARTESIAN_POINT('Ctrl Pts',(31.4970304229883,186.946312420327,-113.50152611183));
#4607=CARTESIAN_POINT('',(106.502978189883,188.053692765277,-113.50152611183));
#4608=CARTESIAN_POINT('Origin',(101.502978189883,188.053692765277,-113.50152611183));
#4609=CARTESIAN_POINT('',(31.4970304229883,186.946312420327,-113.50152611183));
#4610=CARTESIAN_POINT('Origin',(69.0000043064356,187.500002592802,-113.50152611183));
#4611=CARTESIAN_POINT('Origin',(36.4970304229883,186.946312420327,-113.50152611183));
#4612=CARTESIAN_POINT('Origin',(101.502978189883,131.053691915911,-113.50152611183));
#4613=CARTESIAN_POINT('',(106.502978189883,131.053691915911,-113.50152611183));
#4614=CARTESIAN_POINT('',(106.502978189883,131.053691915911,-113.50152611183));
#4615=CARTESIAN_POINT('Origin',(101.502978189883,131.053691915911,-113.50152611183));
#4616=CARTESIAN_POINT('Origin',(101.502978189883,131.053691915911,-113.50152611183));
#4617=CARTESIAN_POINT('Origin',(36.4970304229883,130.500001743436,-113.50152611183));
#4618=CARTESIAN_POINT('',(31.4970304229883,130.05369190101,-113.50152611183));
#4619=CARTESIAN_POINT('Origin',(36.4970304229883,130.05369190101,-113.50152611183));
#4620=CARTESIAN_POINT('',(31.4970304229883,130.500001743436,-113.50152611183));
#4621=CARTESIAN_POINT('Origin',(36.4970304229883,130.05369190101,-113.50152611183));
#4622=CARTESIAN_POINT('Ctrl Pts',(106.502978189883,188.053692765277,36.4984738881698));
#4623=CARTESIAN_POINT('Ctrl Pts',(105.949288017408,225.556666648724,36.4984738881698));
#4624=CARTESIAN_POINT('Ctrl Pts',(68.4463141339607,225.002976476249,36.4984738881698));
#4625=CARTESIAN_POINT('Ctrl Pts',(30.9433402505134,224.449286303774,36.4984738881698));
#4626=CARTESIAN_POINT('Ctrl Pts',(31.4970304229883,186.946312420327,36.4984738881698));
#4627=CARTESIAN_POINT('Ctrl Pts',(106.502978189883,188.053692765277,31.4984738881698));
#4628=CARTESIAN_POINT('Ctrl Pts',(105.949288017408,225.556666648724,31.4984738881698));
#4629=CARTESIAN_POINT('Ctrl Pts',(68.4463141339607,225.002976476249,31.4984738881698));
#4630=CARTESIAN_POINT('Ctrl Pts',(30.9433402505134,224.449286303774,31.4984738881698));
#4631=CARTESIAN_POINT('Ctrl Pts',(31.4970304229883,186.946312420327,31.4984738881698));
#4632=CARTESIAN_POINT('Ctrl Pts',(101.502978189883,188.053692765277,31.4984738881698));
#4633=CARTESIAN_POINT('Ctrl Pts',(100.949288017408,220.556666648724,31.4984738881698));
#4634=CARTESIAN_POINT('Ctrl Pts',(68.4463141339607,220.002976476249,31.4984738881698));
#4635=CARTESIAN_POINT('Ctrl Pts',(35.9433402505134,219.449286303774,31.4984738881698));
#4636=CARTESIAN_POINT('Ctrl Pts',(36.4970304229883,186.946312420327,31.4984738881698));
#4637=CARTESIAN_POINT('Ctrl Pts',(96.5029781898829,188.053692765277,31.4984738881698));
#4638=CARTESIAN_POINT('Ctrl Pts',(95.9492880174079,215.556666648724,31.4984738881698));
#4639=CARTESIAN_POINT('Ctrl Pts',(68.4463141339607,215.002976476249,31.4984738881698));
#4640=CARTESIAN_POINT('Ctrl Pts',(40.9433402505134,214.449286303774,31.4984738881698));
#4641=CARTESIAN_POINT('Ctrl Pts',(41.4970304229883,186.946312420327,31.4984738881698));
#4642=CARTESIAN_POINT('Ctrl Pts',(96.5029781898829,188.053692765277,36.4984738881698));
#4643=CARTESIAN_POINT('Ctrl Pts',(95.9492880174079,215.556666648724,36.4984738881698));
#4644=CARTESIAN_POINT('Ctrl Pts',(68.4463141339607,215.002976476249,36.4984738881698));
#4645=CARTESIAN_POINT('Ctrl Pts',(40.9433402505134,214.449286303774,36.4984738881698));
#4646=CARTESIAN_POINT('Ctrl Pts',(41.4970304229883,186.946312420327,36.4984738881698));
#4647=CARTESIAN_POINT('Ctrl Pts',(96.5029781898829,188.053692765277,41.4984738881698));
#4648=CARTESIAN_POINT('Ctrl Pts',(95.9492880174079,215.556666648724,41.4984738881698));
#4649=CARTESIAN_POINT('Ctrl Pts',(68.4463141339607,215.002976476249,41.4984738881698));
#4650=CARTESIAN_POINT('Ctrl Pts',(40.9433402505134,214.449286303774,41.4984738881698));
#4651=CARTESIAN_POINT('Ctrl Pts',(41.4970304229883,186.946312420327,41.4984738881698));
#4652=CARTESIAN_POINT('Ctrl Pts',(101.502978189883,188.053692765277,41.4984738881698));
#4653=CARTESIAN_POINT('Ctrl Pts',(100.949288017408,220.556666648724,41.4984738881698));
#4654=CARTESIAN_POINT('Ctrl Pts',(68.4463141339607,220.002976476249,41.4984738881698));
#4655=CARTESIAN_POINT('Ctrl Pts',(35.9433402505134,219.449286303774,41.4984738881698));
#4656=CARTESIAN_POINT('Ctrl Pts',(36.4970304229883,186.946312420327,41.4984738881698));
#4657=CARTESIAN_POINT('Ctrl Pts',(106.502978189883,188.053692765277,41.4984738881698));
#4658=CARTESIAN_POINT('Ctrl Pts',(105.949288017408,225.556666648724,41.4984738881698));
#4659=CARTESIAN_POINT('Ctrl Pts',(68.4463141339607,225.002976476249,41.4984738881698));
#4660=CARTESIAN_POINT('Ctrl Pts',(30.9433402505134,224.449286303774,41.4984738881698));
#4661=CARTESIAN_POINT('Ctrl Pts',(31.4970304229883,186.946312420327,41.4984738881698));
#4662=CARTESIAN_POINT('Ctrl Pts',(106.502978189883,188.053692765277,36.4984738881698));
#4663=CARTESIAN_POINT('Ctrl Pts',(105.949288017408,225.556666648724,36.4984738881698));
#4664=CARTESIAN_POINT('Ctrl Pts',(68.4463141339607,225.002976476249,36.4984738881698));
#4665=CARTESIAN_POINT('Ctrl Pts',(30.9433402505134,224.449286303774,36.4984738881698));
#4666=CARTESIAN_POINT('Ctrl Pts',(31.4970304229883,186.946312420327,36.4984738881698));
#4667=CARTESIAN_POINT('',(106.502978189883,188.053692765277,36.4984738881698));
#4668=CARTESIAN_POINT('Origin',(101.502978189883,188.053692765277,36.4984738881698));
#4669=CARTESIAN_POINT('',(31.4970304229883,186.946312420327,36.4984738881698));
#4670=CARTESIAN_POINT('Origin',(69.0000043064356,187.500002592802,36.4984738881698));
#4671=CARTESIAN_POINT('Origin',(36.4970304229883,186.946312420327,36.4984738881698));
#4672=CARTESIAN_POINT('Origin',(101.502978189883,131.053691915911,36.4984738881697));
#4673=CARTESIAN_POINT('',(106.502978189883,131.053691915911,36.4984738881697));
#4674=CARTESIAN_POINT('',(106.502978189883,131.053691915911,36.4984738881697));
#4675=CARTESIAN_POINT('Origin',(101.502978189883,131.053691915911,36.4984738881697));
#4676=CARTESIAN_POINT('Origin',(101.502978189883,131.053691915911,36.4984738881697));
#4677=CARTESIAN_POINT('Origin',(36.4970304229883,130.500001743436,36.4984738881697));
#4678=CARTESIAN_POINT('',(31.4970304229883,130.05369190101,36.4984738881697));
#4679=CARTESIAN_POINT('Origin',(36.4970304229883,130.05369190101,36.4984738881697));
#4680=CARTESIAN_POINT('',(31.4970304229883,130.500001743436,36.4984738881697));
#4681=CARTESIAN_POINT('Origin',(36.4970304229883,130.05369190101,36.4984738881697));
#4682=CARTESIAN_POINT('Ctrl Pts',(-3.50705666759467,188.053692765277,-73.5115609693076));
#4683=CARTESIAN_POINT('Ctrl Pts',(-3.50705666759467,225.556666648724,-72.9578707968327));
#4684=CARTESIAN_POINT('Ctrl Pts',(-3.50705666759466,225.002976476249,-35.4548969133854));
#4685=CARTESIAN_POINT('Ctrl Pts',(-3.50705666759466,224.449286303774,2.04807697006183));
#4686=CARTESIAN_POINT('Ctrl Pts',(-3.50705666759466,186.946312420327,1.4943867975869));
#4687=CARTESIAN_POINT('Ctrl Pts',(-8.50705666759467,188.053692765277,-73.5115609693076));
#4688=CARTESIAN_POINT('Ctrl Pts',(-8.50705666759467,225.556666648724,-72.9578707968327));
#4689=CARTESIAN_POINT('Ctrl Pts',(-8.50705666759467,225.002976476249,-35.4548969133854));
#4690=CARTESIAN_POINT('Ctrl Pts',(-8.50705666759466,224.449286303774,2.04807697006183));
#4691=CARTESIAN_POINT('Ctrl Pts',(-8.50705666759466,186.946312420327,1.4943867975869));
#4692=CARTESIAN_POINT('Ctrl Pts',(-8.50705666759467,188.053692765277,-68.5115609693076));
#4693=CARTESIAN_POINT('Ctrl Pts',(-8.50705666759467,220.556666648724,-67.9578707968327));
#4694=CARTESIAN_POINT('Ctrl Pts',(-8.50705666759467,220.002976476249,-35.4548969133854));
#4695=CARTESIAN_POINT('Ctrl Pts',(-8.50705666759466,219.449286303774,-2.95192302993817));
#4696=CARTESIAN_POINT('Ctrl Pts',(-8.50705666759465,186.946312420327,-3.5056132024131));
#4697=CARTESIAN_POINT('Ctrl Pts',(-8.50705666759467,188.053692765277,-63.5115609693076));
#4698=CARTESIAN_POINT('Ctrl Pts',(-8.50705666759467,215.556666648724,-62.9578707968327));
#4699=CARTESIAN_POINT('Ctrl Pts',(-8.50705666759467,215.002976476249,-35.4548969133854));
#4700=CARTESIAN_POINT('Ctrl Pts',(-8.50705666759465,214.449286303774,-7.95192302993817));
#4701=CARTESIAN_POINT('Ctrl Pts',(-8.50705666759465,186.946312420327,-8.5056132024131));
#4702=CARTESIAN_POINT('Ctrl Pts',(-3.50705666759467,188.053692765277,-63.5115609693076));
#4703=CARTESIAN_POINT('Ctrl Pts',(-3.50705666759467,215.556666648724,-62.9578707968327));
#4704=CARTESIAN_POINT('Ctrl Pts',(-3.50705666759466,215.002976476249,-35.4548969133854));
#4705=CARTESIAN_POINT('Ctrl Pts',(-3.50705666759465,214.449286303774,-7.95192302993817));
#4706=CARTESIAN_POINT('Ctrl Pts',(-3.50705666759466,186.946312420327,-8.5056132024131));
#4707=CARTESIAN_POINT('Ctrl Pts',(1.49294333240534,188.053692765277,-63.5115609693076));
#4708=CARTESIAN_POINT('Ctrl Pts',(1.49294333240534,215.556666648724,-62.9578707968327));
#4709=CARTESIAN_POINT('Ctrl Pts',(1.49294333240534,215.002976476249,-35.4548969133854));
#4710=CARTESIAN_POINT('Ctrl Pts',(1.49294333240534,214.449286303774,-7.95192302993815));
#4711=CARTESIAN_POINT('Ctrl Pts',(1.49294333240534,186.946312420327,-8.50561320241308));
#4712=CARTESIAN_POINT('Ctrl Pts',(1.49294333240532,188.053692765277,-68.5115609693076));
#4713=CARTESIAN_POINT('Ctrl Pts',(1.49294333240532,220.556666648724,-67.9578707968327));
#4714=CARTESIAN_POINT('Ctrl Pts',(1.49294333240534,220.002976476249,-35.4548969133854));
#4715=CARTESIAN_POINT('Ctrl Pts',(1.49294333240534,219.449286303774,-2.95192302993815));
#4716=CARTESIAN_POINT('Ctrl Pts',(1.49294333240534,186.946312420327,-3.50561320241308));
#4717=CARTESIAN_POINT('Ctrl Pts',(1.49294333240532,188.053692765277,-73.5115609693076));
#4718=CARTESIAN_POINT('Ctrl Pts',(1.49294333240532,225.556666648724,-72.9578707968327));
#4719=CARTESIAN_POINT('Ctrl Pts',(1.49294333240534,225.002976476249,-35.4548969133854));
#4720=CARTESIAN_POINT('Ctrl Pts',(1.49294333240534,224.449286303774,2.04807697006185));
#4721=CARTESIAN_POINT('Ctrl Pts',(1.49294333240534,186.946312420327,1.49438679758692));
#4722=CARTESIAN_POINT('Ctrl Pts',(-3.50705666759467,188.053692765277,-73.5115609693076));
#4723=CARTESIAN_POINT('Ctrl Pts',(-3.50705666759467,225.556666648724,-72.9578707968327));
#4724=CARTESIAN_POINT('Ctrl Pts',(-3.50705666759466,225.002976476249,-35.4548969133854));
#4725=CARTESIAN_POINT('Ctrl Pts',(-3.50705666759465,224.449286303774,2.04807697006183));
#4726=CARTESIAN_POINT('Ctrl Pts',(-3.50705666759465,186.946312420327,1.4943867975869));
#4727=CARTESIAN_POINT('',(-3.50705666759467,188.053692765277,-73.5115609693076));
#4728=CARTESIAN_POINT('Origin',(-3.50705666759467,188.053692765277,-68.5115609693076));
#4729=CARTESIAN_POINT('',(-3.50705666759466,186.946312420327,1.4943867975869));
#4730=CARTESIAN_POINT('Origin',(-3.50705666759467,187.500002592802,-36.0085870858604));
#4731=CARTESIAN_POINT('Origin',(-3.50705666759465,186.946312420327,-3.5056132024131));
#4732=CARTESIAN_POINT('Origin',(-3.50705666759467,131.053691915911,-68.5115609693076));
#4733=CARTESIAN_POINT('',(-3.50705666759467,131.053691915911,-73.5115609693077));
#4734=CARTESIAN_POINT('',(-3.50705666759467,131.053691915911,-73.5115609693076));
#4735=CARTESIAN_POINT('Origin',(-3.50705666759467,131.053691915911,-68.5115609693076));
#4736=CARTESIAN_POINT('Origin',(-3.50705666759467,131.053691915911,-68.5115609693076));
#4737=CARTESIAN_POINT('Origin',(-3.50705666759465,130.500001743436,-3.50561320241312));
#4738=CARTESIAN_POINT('',(-3.50705666759466,130.05369190101,1.49438679758688));
#4739=CARTESIAN_POINT('Origin',(-3.50705666759465,130.05369190101,-3.50561320241312));
#4740=CARTESIAN_POINT('',(-3.50705666759465,130.500001743436,1.49438679758688));
#4741=CARTESIAN_POINT('Origin',(-3.50705666759465,130.05369190101,-3.50561320241312));
#4742=CARTESIAN_POINT('Ctrl Pts',(146.492943332405,188.053692765277,-73.5115609693077));
#4743=CARTESIAN_POINT('Ctrl Pts',(146.492943332405,225.556666648724,-72.9578707968327));
#4744=CARTESIAN_POINT('Ctrl Pts',(146.492943332405,225.002976476249,-35.4548969133855));
#4745=CARTESIAN_POINT('Ctrl Pts',(146.492943332405,224.449286303774,2.04807697006179));
#4746=CARTESIAN_POINT('Ctrl Pts',(146.492943332405,186.946312420327,1.49438679758686));
#4747=CARTESIAN_POINT('Ctrl Pts',(141.492943332405,188.053692765277,-73.5115609693077));
#4748=CARTESIAN_POINT('Ctrl Pts',(141.492943332405,225.556666648724,-72.9578707968327));
#4749=CARTESIAN_POINT('Ctrl Pts',(141.492943332405,225.002976476249,-35.4548969133855));
#4750=CARTESIAN_POINT('Ctrl Pts',(141.492943332405,224.449286303774,2.04807697006179));
#4751=CARTESIAN_POINT('Ctrl Pts',(141.492943332405,186.946312420327,1.49438679758686));
#4752=CARTESIAN_POINT('Ctrl Pts',(141.492943332405,188.053692765277,-68.5115609693077));
#4753=CARTESIAN_POINT('Ctrl Pts',(141.492943332405,220.556666648724,-67.9578707968327));
#4754=CARTESIAN_POINT('Ctrl Pts',(141.492943332405,220.002976476249,-35.4548969133855));
#4755=CARTESIAN_POINT('Ctrl Pts',(141.492943332405,219.449286303774,-2.95192302993821));
#4756=CARTESIAN_POINT('Ctrl Pts',(141.492943332405,186.946312420327,-3.50561320241314));
#4757=CARTESIAN_POINT('Ctrl Pts',(141.492943332405,188.053692765277,-63.5115609693077));
#4758=CARTESIAN_POINT('Ctrl Pts',(141.492943332405,215.556666648724,-62.9578707968327));
#4759=CARTESIAN_POINT('Ctrl Pts',(141.492943332405,215.002976476249,-35.4548969133855));
#4760=CARTESIAN_POINT('Ctrl Pts',(141.492943332405,214.449286303774,-7.95192302993821));
#4761=CARTESIAN_POINT('Ctrl Pts',(141.492943332405,186.946312420327,-8.50561320241314));
#4762=CARTESIAN_POINT('Ctrl Pts',(146.492943332405,188.053692765277,-63.5115609693077));
#4763=CARTESIAN_POINT('Ctrl Pts',(146.492943332405,215.556666648724,-62.9578707968327));
#4764=CARTESIAN_POINT('Ctrl Pts',(146.492943332405,215.002976476249,-35.4548969133855));
#4765=CARTESIAN_POINT('Ctrl Pts',(146.492943332405,214.449286303774,-7.95192302993821));
#4766=CARTESIAN_POINT('Ctrl Pts',(146.492943332405,186.946312420327,-8.50561320241314));
#4767=CARTESIAN_POINT('Ctrl Pts',(151.492943332405,188.053692765277,-63.5115609693077));
#4768=CARTESIAN_POINT('Ctrl Pts',(151.492943332405,215.556666648724,-62.9578707968327));
#4769=CARTESIAN_POINT('Ctrl Pts',(151.492943332405,215.002976476249,-35.4548969133855));
#4770=CARTESIAN_POINT('Ctrl Pts',(151.492943332405,214.449286303774,-7.95192302993821));
#4771=CARTESIAN_POINT('Ctrl Pts',(151.492943332405,186.946312420327,-8.50561320241314));
#4772=CARTESIAN_POINT('Ctrl Pts',(151.492943332405,188.053692765277,-68.5115609693077));
#4773=CARTESIAN_POINT('Ctrl Pts',(151.492943332405,220.556666648724,-67.9578707968327));
#4774=CARTESIAN_POINT('Ctrl Pts',(151.492943332405,220.002976476249,-35.4548969133855));
#4775=CARTESIAN_POINT('Ctrl Pts',(151.492943332405,219.449286303774,-2.95192302993821));
#4776=CARTESIAN_POINT('Ctrl Pts',(151.492943332405,186.946312420327,-3.50561320241314));
#4777=CARTESIAN_POINT('Ctrl Pts',(151.492943332405,188.053692765277,-73.5115609693077));
#4778=CARTESIAN_POINT('Ctrl Pts',(151.492943332405,225.556666648724,-72.9578707968327));
#4779=CARTESIAN_POINT('Ctrl Pts',(151.492943332405,225.002976476249,-35.4548969133855));
#4780=CARTESIAN_POINT('Ctrl Pts',(151.492943332405,224.449286303774,2.04807697006179));
#4781=CARTESIAN_POINT('Ctrl Pts',(151.492943332405,186.946312420327,1.49438679758686));
#4782=CARTESIAN_POINT('Ctrl Pts',(146.492943332405,188.053692765277,-73.5115609693077));
#4783=CARTESIAN_POINT('Ctrl Pts',(146.492943332405,225.556666648724,-72.9578707968327));
#4784=CARTESIAN_POINT('Ctrl Pts',(146.492943332405,225.002976476249,-35.4548969133855));
#4785=CARTESIAN_POINT('Ctrl Pts',(146.492943332405,224.449286303774,2.04807697006179));
#4786=CARTESIAN_POINT('Ctrl Pts',(146.492943332405,186.946312420327,1.49438679758686));
#4787=CARTESIAN_POINT('',(146.492943332405,188.053692765277,-73.5115609693077));
#4788=CARTESIAN_POINT('Origin',(146.492943332405,188.053692765277,-68.5115609693077));
#4789=CARTESIAN_POINT('',(146.492943332405,186.946312420327,1.49438679758686));
#4790=CARTESIAN_POINT('Origin',(146.492943332405,187.500002592802,-36.0085870858604));
#4791=CARTESIAN_POINT('Origin',(146.492943332405,186.946312420327,-3.50561320241314));
#4792=CARTESIAN_POINT('Origin',(146.492943332405,131.053691915911,-68.5115609693077));
#4793=CARTESIAN_POINT('',(146.492943332405,131.053691915911,-73.5115609693077));
#4794=CARTESIAN_POINT('',(146.492943332405,131.053691915911,-73.5115609693077));
#4795=CARTESIAN_POINT('Origin',(146.492943332405,131.053691915911,-68.5115609693077));
#4796=CARTESIAN_POINT('Origin',(146.492943332405,131.053691915911,-68.5115609693077));
#4797=CARTESIAN_POINT('Origin',(146.492943332405,130.500001743436,-3.50561320241315));
#4798=CARTESIAN_POINT('',(146.492943332405,130.05369190101,1.49438679758685));
#4799=CARTESIAN_POINT('Origin',(146.492943332405,130.05369190101,-3.50561320241315));
#4800=CARTESIAN_POINT('',(146.492943332405,130.500001743436,1.49438679758685));
#4801=CARTESIAN_POINT('Origin',(146.492943332405,130.05369190101,-3.50561320241315));
#4802=UNCERTAINTY_MEASURE_WITH_UNIT(LENGTH_MEASURE(0.01),#4806,
'DISTANCE_ACCURACY_VALUE',
'Maximum model space distance between geometric entities at asserted c
onnectivities');
#4803=UNCERTAINTY_MEASURE_WITH_UNIT(LENGTH_MEASURE(0.01),#4806,
'DISTANCE_ACCURACY_VALUE',
'Maximum model space distance between geometric entities at asserted c
onnectivities');
#4804=(
GEOMETRIC_REPRESENTATION_CONTEXT(3)
GLOBAL_UNCERTAINTY_ASSIGNED_CONTEXT((#4802))
GLOBAL_UNIT_ASSIGNED_CONTEXT((#4806,#4808,#4809))
REPRESENTATION_CONTEXT('','3D')
);
#4805=(
GEOMETRIC_REPRESENTATION_CONTEXT(3)
GLOBAL_UNCERTAINTY_ASSIGNED_CONTEXT((#4803))
GLOBAL_UNIT_ASSIGNED_CONTEXT((#4806,#4808,#4809))
REPRESENTATION_CONTEXT('','3D')
);
#4806=(
LENGTH_UNIT()
NAMED_UNIT(*)
SI_UNIT(.MILLI.,.METRE.)
);
#4807=(
LENGTH_UNIT()
NAMED_UNIT(*)
SI_UNIT($,.METRE.)
);
#4808=(
NAMED_UNIT(*)
PLANE_ANGLE_UNIT()
SI_UNIT($,.RADIAN.)
);
#4809=(
NAMED_UNIT(*)
SI_UNIT($,.STERADIAN.)
SOLID_ANGLE_UNIT()
);
#4810=SHAPE_DEFINITION_REPRESENTATION(#4811,#4812);
#4811=PRODUCT_DEFINITION_SHAPE('',$,#4814);
#4812=SHAPE_REPRESENTATION('',(#2675),#4804);
#4813=PRODUCT_DEFINITION_CONTEXT('part definition',#4818,'design');
#4814=PRODUCT_DEFINITION('2026-02-17-08-53-30-847','ATEX CASING v2',#4815,
#4813);
#4815=PRODUCT_DEFINITION_FORMATION('',$,#4820);
#4816=PRODUCT_RELATED_PRODUCT_CATEGORY('ATEX CASING v2',
'ATEX CASING v2',(#4820));
#4817=APPLICATION_PROTOCOL_DEFINITION('international standard',
'automotive_design',2009,#4818);
#4818=APPLICATION_CONTEXT(
'Core Data for Automotive Mechanical Design Process');
#4819=PRODUCT_CONTEXT('part definition',#4818,'mechanical');
#4820=PRODUCT('2026-02-17-08-53-30-847','ATEX CASING v2',$,(#4819));
#4821=PRESENTATION_STYLE_ASSIGNMENT((#4828));
#4822=PRESENTATION_STYLE_ASSIGNMENT((#4829));
#4823=PRESENTATION_STYLE_ASSIGNMENT((#4830));
#4824=PRESENTATION_STYLE_ASSIGNMENT((#4831));
#4825=PRESENTATION_STYLE_ASSIGNMENT((#4832));
#4826=PRESENTATION_STYLE_ASSIGNMENT((#4833));
#4827=PRESENTATION_STYLE_ASSIGNMENT((#4834));
#4828=SURFACE_STYLE_USAGE(.BOTH.,#4835);
#4829=SURFACE_STYLE_USAGE(.BOTH.,#4836);
#4830=SURFACE_STYLE_USAGE(.BOTH.,#4837);
#4831=SURFACE_STYLE_USAGE(.BOTH.,#4838);
#4832=SURFACE_STYLE_USAGE(.BOTH.,#4839);
#4833=SURFACE_STYLE_USAGE(.BOTH.,#4840);
#4834=SURFACE_STYLE_USAGE(.BOTH.,#4841);
#4835=SURFACE_SIDE_STYLE('',(#4842));
#4836=SURFACE_SIDE_STYLE('',(#4843));
#4837=SURFACE_SIDE_STYLE('',(#4844));
#4838=SURFACE_SIDE_STYLE('',(#4845));
#4839=SURFACE_SIDE_STYLE('',(#4846));
#4840=SURFACE_SIDE_STYLE('',(#4847));
#4841=SURFACE_SIDE_STYLE('',(#4848));
#4842=SURFACE_STYLE_FILL_AREA(#4849);
#4843=SURFACE_STYLE_FILL_AREA(#4850);
#4844=SURFACE_STYLE_FILL_AREA(#4851);
#4845=SURFACE_STYLE_FILL_AREA(#4852);
#4846=SURFACE_STYLE_FILL_AREA(#4853);
#4847=SURFACE_STYLE_FILL_AREA(#4854);
#4848=SURFACE_STYLE_FILL_AREA(#4855);
#4849=FILL_AREA_STYLE('Steel - Satin',(#4856));
#4850=FILL_AREA_STYLE('Aluminum - Anodized Glossy (Blue)',(#4857));
#4851=FILL_AREA_STYLE('Powder Coat - Rough (Green)',(#4858));
#4852=FILL_AREA_STYLE('Fabric (White)',(#4859));
#4853=FILL_AREA_STYLE('Iron - Polished',(#4860));
#4854=FILL_AREA_STYLE('EPX 82 (with Carbon M2 M3 L1 3D Printers)',(#4861));
#4855=FILL_AREA_STYLE('Acrylic (Red)',(#4862));
#4856=FILL_AREA_STYLE_COLOUR('Steel - Satin',#4863);
#4857=FILL_AREA_STYLE_COLOUR('Aluminum - Anodized Glossy (Blue)',#4864);
#4858=FILL_AREA_STYLE_COLOUR('Powder Coat - Rough (Green)',#4865);
#4859=FILL_AREA_STYLE_COLOUR('Fabric (White)',#4866);
#4860=FILL_AREA_STYLE_COLOUR('Iron - Polished',#4867);
#4861=FILL_AREA_STYLE_COLOUR(
'EPX 82 (with Carbon M2 M3 L1 3D Printers)',#4868);
#4862=FILL_AREA_STYLE_COLOUR('Acrylic (Red)',#4869);
#4863=COLOUR_RGB('Steel - Satin',0.627450980392157,0.627450980392157,0.627450980392157);
#4864=COLOUR_RGB('Aluminum - Anodized Glossy (Blue)',0.349019607843137,
0.584313725490196,0.854901960784314);
#4865=COLOUR_RGB('Powder Coat - Rough (Green)',0.266666666666667,0.588235294117647,
0.282352941176471);
#4866=COLOUR_RGB('Fabric (White)',0.,0.,0.);
#4867=COLOUR_RGB('Iron - Polished',0.749019607843137,0.741176470588235,
0.733333333333333);
#4868=COLOUR_RGB('EPX 82 (with Carbon M2 M3 L1 3D Printers)',0.247058823529412,
0.247058823529412,0.247058823529412);
#4869=COLOUR_RGB('Acrylic (Red)',0.768627450980392,0.207843137254902,0.152941176470588);
ENDSEC;
END-ISO-10303-21;
